customer_id,first_name,last_name,date_of_birth,gender,phone,email,pan_number,aadhar_number,address,city,state,pin_code,customer_since,is_active
CUST000001,Arjun,Kulkarni,1973-05-11,M,+919479995361,arjun.kulkarni@yahoo.in,PZUPB0326J,586487690180,"425, Ring Road",Rajkot,Gujarat,499697,2018-02-04,N
CUST000002,Meera,Desai,1998-07-16,F,+916766320796,meera.desai@outlook.com,NIAVN6011U,412479703334,"303, Lake Road",Jaipur,Rajasthan,195943,2016-08-31,Y
CUST000003,Manish,Sharma,1974-06-14,F,+917434906420,manish.sharma@outlook.com,UPYZL8872W,108493763623,"655, Station Road",Nashik,Maharashtra,927132,2021-11-23,Y
CUST000004,Madhuri,Nair,2000-04-12,F,+917073727337,madhuri.nair@outlook.com,MUWFR8592O,144462486105,"708, Hill Road",Bhopal,Madhya Pradesh,346312,2013-10-08,Y
CUST000005,Meera,Chatterjee,2000-07-24,M,+916665529652,meera.chatterjee@outlook.com,NQRED5294E,319679097647,"85, Gandhi Nagar",Patna,Bihar,907448,2019-10-19,Y
CUST000006,Aditya,Jain,1975-08-22,F,+918049764483,aditya.jain@outlook.com,BXRGZ1746U,472235402658,"745, Hill Road",Amritsar,Punjab,949916,2021-03-09,Y
CUST000007,Arjun,Banerjee,1976-02-28,M,+916805001600,arjun.banerjee@yahoo.in,VKWPI0807U,762163030733,"881, Ring Road",Jaipur,Rajasthan,480768,2015-02-20,Y
CUST000008,Vishal,Gupta,1983-03-12,M,+918405267956,vishal.gupta@rediffmail.com,GVDHI8704E,021077418856,"302, Nehru Place",Rajkot,Gujarat,179990,2025-02-24,Y
CUST000009,Divya,Patil,1987-03-25,F,+917224793900,divya.patil@outlook.com,CQDZU9186U,176316835412,"875, Nehru Place",Guwahati,Assam,856192,2025-05-14,Y
CUST000010,Manish,Menon,1998-08-04,M,+916063681414,manish.menon@rediffmail.com,SDRGJ9015I,506412437671,"118, Park Street",Meerut,Uttar Pradesh,169231,2008-06-09,N
CUST000011,Pankaj,Chatterjee,1985-11-28,F,+917719687831,pankaj.chatterjee@outlook.com,OQKJW1723V,558588551982,"304, Station Road",Lucknow,Uttar Pradesh,626921,2011-06-25,Y
CUST000012,Rakesh,Ghosh,1966-09-10,F,+918430318993,rakesh.ghosh@yahoo.in,IEQCS8766Q,889812076501,"726, Station Road",Bhopal,Madhya Pradesh,916290,2023-05-13,Y
CUST000013,Suresh,Agarwal,1997-04-04,F,+918086438749,suresh.agarwal@outlook.com,YJLFO0993D,022033405476,"30, Station Road",Meerut,Uttar Pradesh,870531,2011-04-27,N
CUST000014,Sunil,Das,1983-08-29,M,+919942786596,sunil.das@rediffmail.com,JKQWA2110I,346154952687,"515, Park Street",Raipur,Chhattisgarh,485000,2024-09-26,N
CUST000015,Yash,Khanna,1965-01-28,F,+917336304752,yash.khanna@outlook.com,HXIKY1320H,240810347294,"465, Hill Road",Visakhapatnam,Andhra Pradesh,263318,2016-08-04,Y
CUST000016,Rajan,Shukla,1973-06-16,M,+919869414650,rajan.shukla@yahoo.in,RABGL3159O,937667897613,"326, Hill Road",Hyderabad,Telangana,540892,2025-06-18,Y
CUST000017,Mohan,Saxena,1984-04-20,M,+919971755426,mohan.saxena@outlook.com,CKHBM4968Q,447069421713,"607, Gandhi Nagar",Delhi,Delhi,393040,2025-02-12,Y
CUST000018,Rekha,Reddy,1962-01-28,F,+917378924545,rekha.reddy@yahoo.in,ZQAQU2649F,656226158126,"479, MG Road",Surat,Gujarat,779981,2009-01-29,N
CUST000019,Uday,Yadav,1983-01-01,F,+919791826150,uday.yadav@rediffmail.com,VSSXA3387P,919387598581,"647, Hill Road",Chandigarh,Chandigarh,242234,2011-08-04,Y
CUST000020,Raj,Bose,1972-07-16,F,+918197464959,raj.bose@gmail.com,SHOES1555W,047471820946,"900, Ring Road",Lucknow,Uttar Pradesh,755376,2014-02-02,Y
CUST000021,Sachin,Patel,1965-08-06,F,+918080297105,sachin.patel@outlook.com,TMNAN4465I,200789033538,"434, Ring Road",Kolkata,West Bengal,820172,2015-02-04,Y
CUST000022,Shreya,Chaudhary,1968-11-13,F,+918784995999,shreya.chaudhary@rediffmail.com,QCLSC9176A,426069190236,"566, Lake Road",Jaipur,Rajasthan,484194,2015-01-10,Y
CUST000023,Aryan,Hegde,1969-12-18,M,+916253576794,aryan.hegde@rediffmail.com,BCQEJ0357G,857412167160,"492, Ring Road",Bengaluru,Karnataka,523045,2015-11-20,N
CUST000024,Uday,Hegde,1970-08-11,M,+918733120971,uday.hegde@yahoo.in,OVKCB0096W,080684515440,"209, Gandhi Nagar",Guwahati,Assam,537583,2020-10-08,Y
CUST000025,Yash,Mishra,1969-02-06,F,+918363133949,yash.mishra@rediffmail.com,EPREC2959D,125543639234,"560, Station Road",Aurangabad,Maharashtra,330047,2009-02-11,Y
CUST000026,Aryan,Saxena,1996-11-03,F,+919637287412,aryan.saxena@yahoo.in,XATRI2343J,687539990058,"518, Lake Road",Nashik,Maharashtra,699018,2010-06-28,Y
CUST000027,Ishaan,Reddy,1962-10-31,M,+918841634720,ishaan.reddy@gmail.com,WPRVJ9881S,239119405617,"191, Hill Road",Ludhiana,Punjab,306155,2013-01-17,Y
CUST000028,Rakesh,Chatterjee,1988-10-17,F,+919616999114,rakesh.chatterjee@rediffmail.com,DPQBT2922S,629867767450,"958, MG Road",Faridabad,Haryana,154028,2018-04-23,Y
CUST000029,Esha,Tiwari,1973-12-30,F,+919932147213,esha.tiwari@outlook.com,WPRAL2872T,561164269037,"314, Station Road",Lucknow,Uttar Pradesh,376844,2020-08-07,Y
CUST000030,Mohit,Dubey,1993-11-26,M,+917828135227,mohit.dubey@yahoo.in,CCXPB0666S,620681881823,"651, Nehru Place",Visakhapatnam,Andhra Pradesh,921555,2010-11-29,Y
CUST000031,Geeta,Iyer,1971-05-23,M,+918926612678,geeta.iyer@rediffmail.com,IUOYB7008P,099485829793,"838, Station Road",Lucknow,Uttar Pradesh,852885,2017-10-11,Y
CUST000032,Suresh,Trivedi,1986-10-07,F,+917145518692,suresh.trivedi@rediffmail.com,FVBWD4761L,869489825594,"795, Lake Road",Faridabad,Haryana,470627,2022-08-30,N
CUST000033,Varun,Shah,1982-01-21,M,+919935463979,varun.shah@rediffmail.com,ROQPA2318L,842229616648,"182, Station Road",Nashik,Maharashtra,451205,2018-03-09,Y
CUST000034,Sara,Dubey,1997-07-03,F,+919028712910,sara.dubey@outlook.com,EVRNK4327T,614670916654,"206, Nehru Place",Mysore,Karnataka,881172,2009-10-13,N
CUST000035,Ishita,Shukla,1969-11-03,M,+918679395749,ishita.shukla@yahoo.in,OFNTX4564W,983574488924,"52, MG Road",Agra,Uttar Pradesh,922783,2012-01-02,Y
CUST000036,Aditya,Tiwari,1967-02-03,M,+918664457740,aditya.tiwari@gmail.com,SIFBC4258K,864630223317,"469, Station Road",Lucknow,Uttar Pradesh,776000,2010-04-28,Y
CUST000037,Ishaan,Srivastava,1986-10-02,M,+919056313007,ishaan.srivastava@outlook.com,AANCE8396Q,925535071454,"196, Station Road",Pune,Maharashtra,698201,2008-07-20,N
CUST000038,Aditya,Shukla,1988-01-18,M,+916949594534,aditya.shukla@rediffmail.com,GYTMN2773F,734885529946,"881, Lake Road",Guwahati,Assam,475524,2019-01-31,N
CUST000039,Arun,Trivedi,1989-09-11,F,+917570263301,arun.trivedi@rediffmail.com,GVLRZ3159A,783193013579,"415, Nehru Place",Visakhapatnam,Andhra Pradesh,362097,2012-12-06,Y
CUST000040,Swati,Patil,1989-04-25,M,+917818141852,swati.patil@yahoo.in,PHOCV5766T,674450763176,"37, MG Road",Hyderabad,Telangana,198888,2013-05-24,Y
CUST000041,Neha,Bose,1961-03-02,M,+917787202649,neha.bose@rediffmail.com,MAEKB7440R,326484106652,"52, Hill Road",Kanpur,Uttar Pradesh,169226,2019-12-03,Y
CUST000042,Vinay,Naik,1993-10-28,F,+917925013189,vinay.naik@rediffmail.com,FEOAC8953F,489201483166,"327, Ring Road",Ahmedabad,Gujarat,653926,2017-07-02,Y
CUST000043,Gaurav,Iyer,1998-02-11,M,+917726912073,gaurav.iyer@yahoo.in,HIAMR6816K,710621956225,"187, Hill Road",Madurai,Tamil Nadu,414352,2015-01-26,N
CUST000044,Nikhil,Gupta,1985-06-18,M,+916554893964,nikhil.gupta@yahoo.in,ICQKZ0928P,237690391883,"660, Lake Road",Raipur,Chhattisgarh,756623,2010-07-02,Y
CUST000045,Vikas,Malhotra,1969-01-25,M,+916290321671,vikas.malhotra@yahoo.in,LOIXB0989L,476324092561,"891, Lake Road",Mumbai,Maharashtra,945288,2013-12-02,N
CUST000046,Sara,Yadav,1964-06-20,M,+918382476474,sara.yadav@rediffmail.com,UUQEH4758M,845218819224,"916, Gandhi Nagar",Jaipur,Rajasthan,737832,2025-01-06,Y
CUST000047,Sanjay,Pandey,1975-06-14,F,+916983335240,sanjay.pandey@yahoo.in,JHEVX5762Q,905046779287,"818, MG Road",Mysore,Karnataka,597887,2016-12-03,Y
CUST000048,Manish,Mishra,1977-04-05,M,+917780905046,manish.mishra@yahoo.in,QSSLC9066X,544825407074,"972, Hill Road",Mumbai,Maharashtra,120627,2013-12-23,Y
CUST000049,Swati,Patil,1976-10-30,M,+919566241622,swati.patil3252@yahoo.in,SDWKG3754B,676660318675,"114, MG Road",Jodhpur,Rajasthan,992970,2021-07-18,Y
CUST000050,Pooja,Kumar,1970-06-10,M,+919161429066,pooja.kumar@rediffmail.com,KWQTV2722R,275693798957,"136, Ring Road",Nagpur,Maharashtra,705228,2021-10-21,Y
CUST000051,Kunal,Sharma,1966-10-01,M,+919218295824,kunal.sharma@outlook.com,XYHVK4996T,310035428118,"134, Hill Road",Bhopal,Madhya Pradesh,830648,2013-07-16,Y
CUST000052,Rajan,Goyal,2000-01-25,F,+917587372765,rajan.goyal@gmail.com,FPHMB4573A,305236188120,"639, Park Street",Coimbatore,Tamil Nadu,174193,2022-09-16,Y
CUST000053,Arun,Malhotra,1987-08-22,F,+919261767724,arun.malhotra@yahoo.in,NWMAM3696H,126206107688,"102, Station Road",Chandigarh,Chandigarh,985360,2013-02-27,Y
CUST000054,Varun,Kaur,2000-02-03,M,+919406320233,varun.kaur@yahoo.in,AHRXG9908M,554289852280,"199, Ring Road",Thane,Maharashtra,217047,2025-01-13,Y
CUST000055,Anand,Srivastava,1974-11-06,M,+918671945957,anand.srivastava@rediffmail.com,VJCYF8861R,476333202180,"122, MG Road",Meerut,Uttar Pradesh,662636,2010-03-23,Y
CUST000056,Priya,Thakur,1978-03-25,M,+918523573065,priya.thakur@rediffmail.com,EZVEX8045B,316658835565,"345, Nehru Place",Hyderabad,Telangana,405629,2016-05-30,Y
CUST000057,Bhavya,Mehta,1992-03-19,M,+919074440112,bhavya.mehta@outlook.com,ABYHY1390Y,792353798232,"682, Ring Road",Lucknow,Uttar Pradesh,237710,2013-02-18,N
CUST000058,Deepak,Chatterjee,1993-12-28,M,+919353374320,deepak.chatterjee@gmail.com,EFKSZ7063J,252220000850,"11, Hill Road",Madurai,Tamil Nadu,986095,2011-03-10,Y
CUST000059,Sunita,Sinha,1971-01-07,M,+916293739366,sunita.sinha@rediffmail.com,OACMT7122P,591947372676,"890, Park Street",Srinagar,Jammu & Kashmir,287807,2010-03-23,N
CUST000060,Kabir,Khanna,1999-08-24,M,+919495275980,kabir.khanna@outlook.com,DYYAE3543R,980347890705,"201, Hill Road",Hyderabad,Telangana,247743,2010-11-06,Y
CUST000061,Nikhil,Dixit,1985-03-08,F,+916842741786,nikhil.dixit@gmail.com,RMQVI0859S,405582864435,"67, Lake Road",Bhopal,Madhya Pradesh,972122,2021-03-06,Y
CUST000062,Aarav,Pandey,1964-02-29,F,+917475301663,aarav.pandey@yahoo.in,HKXQK6782U,627494090713,"519, Station Road",Nagpur,Maharashtra,823535,2014-01-11,Y
CUST000063,Esha,Ghosh,1972-03-08,M,+917895513324,esha.ghosh@gmail.com,XOSHL1091B,499312312848,"378, Park Street",Raipur,Chhattisgarh,890185,2015-04-25,Y
CUST000064,Meera,Das,1964-03-04,M,+917130351851,meera.das@outlook.com,ZYDVV2739D,165338171505,"553, Hill Road",Aurangabad,Maharashtra,147335,2019-02-24,Y
CUST000065,Rajan,Tiwari,1983-05-28,F,+919029494646,rajan.tiwari@rediffmail.com,MEJBX3933R,168999714363,"12, Ring Road",Pune,Maharashtra,494820,2008-05-05,Y
CUST000066,Sunil,Chopra,1979-07-17,F,+916195935198,sunil.chopra@outlook.com,FAVLT7885E,671197931591,"777, Station Road",Thane,Maharashtra,329001,2020-02-01,Y
CUST000067,Sneha,Joshi,1989-05-05,M,+917589185592,sneha.joshi@gmail.com,DBLCB7069O,295435684522,"373, Park Street",Mumbai,Maharashtra,426253,2023-10-28,Y
CUST000068,Deepak,Ghosh,1971-12-22,F,+919292951106,deepak.ghosh@gmail.com,LKERA6606P,637092506486,"653, Nehru Place",Faridabad,Haryana,417965,2018-05-19,Y
CUST000069,Suresh,Yadav,1987-11-20,F,+917012546238,suresh.yadav@outlook.com,UOFYA6443D,200342738678,"854, Hill Road",Mysore,Karnataka,129435,2025-03-26,Y
CUST000070,Aryan,Das,1996-04-05,F,+919219171159,aryan.das@yahoo.in,RMQTK5749X,389801150685,"907, Station Road",Varanasi,Uttar Pradesh,575686,2013-05-15,Y
CUST000071,Vinay,Joshi,1973-10-20,M,+919158390515,vinay.joshi@rediffmail.com,YALFU7487E,953557516891,"136, Hill Road",Pune,Maharashtra,952346,2025-09-03,Y
CUST000072,Harsha,Tiwari,1983-08-10,F,+916811851228,harsha.tiwari@gmail.com,SVUDH8598A,027624203526,"686, Park Street",Chandigarh,Chandigarh,658598,2014-09-08,Y
CUST000073,Vishal,Dutta,1961-08-15,F,+918465218719,vishal.dutta@rediffmail.com,SFHQL7975O,744467916333,"80, Ring Road",Lucknow,Uttar Pradesh,513046,2016-08-09,Y
CUST000074,Yash,Iyer,1980-03-05,F,+917829052738,yash.iyer@outlook.com,ETXQL3398S,190235431275,"877, Nehru Place",Visakhapatnam,Andhra Pradesh,540000,2011-10-06,Y
CUST000075,Nandini,Bhat,1968-09-05,M,+918165418948,nandini.bhat@gmail.com,SIITU4769L,913610576258,"81, Park Street",Kanpur,Uttar Pradesh,329017,2025-11-22,N
CUST000076,Sachin,Pandey,2002-06-24,M,+917739564279,sachin.pandey@gmail.com,ZXBTV2544E,929434169967,"745, Gandhi Nagar",Amritsar,Punjab,383217,2014-05-11,Y
CUST000077,Manish,Rao,1990-11-15,M,+918897147300,manish.rao@gmail.com,WDWTR7642A,856215647761,"685, Hill Road",Hyderabad,Telangana,596746,2013-03-20,Y
CUST000078,Anjali,Gandhi,1992-08-02,F,+919879162726,anjali.gandhi@yahoo.in,MFZHP8758R,866943415472,"472, Gandhi Nagar",Agra,Uttar Pradesh,280321,2017-05-26,Y
CUST000079,Esha,Hegde,1974-02-23,M,+917074527767,esha.hegde@gmail.com,YJBQZ7368W,893596005323,"796, Nehru Place",Kolkata,West Bengal,605671,2009-05-16,Y
CUST000080,Yash,Agarwal,1982-06-16,M,+917301879250,yash.agarwal@yahoo.in,ZHPWH0087A,166671707884,"597, Park Street",Nashik,Maharashtra,446461,2011-11-12,Y
CUST000081,Deepa,Shukla,1990-09-21,M,+917421627075,deepa.shukla@outlook.com,CQQCE9408V,725283002287,"624, MG Road",Agra,Uttar Pradesh,433748,2011-02-27,Y
CUST000082,Kabir,Bose,1994-05-31,M,+918704962379,kabir.bose@yahoo.in,YMRYB1801N,243709408592,"512, MG Road",Patna,Bihar,798470,2013-01-01,Y
CUST000083,Tanvi,Chopra,2000-05-14,F,+917898513193,tanvi.chopra@gmail.com,YFSFD3461W,321856737172,"805, Lake Road",Raipur,Chhattisgarh,551772,2024-03-28,Y
CUST000084,Sanjay,Banerjee,1963-07-20,M,+919873684024,sanjay.banerjee@yahoo.in,DSXDT9613T,193468702345,"459, Park Street",Kanpur,Uttar Pradesh,152563,2024-06-29,Y
CUST000085,Sunita,Yadav,1995-03-12,M,+919830212329,sunita.yadav@rediffmail.com,QTFQO8962C,011699363418,"190, Park Street",Chennai,Tamil Nadu,900981,2012-05-23,Y
CUST000086,Vikas,Dutta,1992-03-31,M,+917228397407,vikas.dutta@yahoo.in,PRJRC8783K,060273794902,"173, Hill Road",Varanasi,Uttar Pradesh,196988,2020-07-23,Y
CUST000087,Simran,Agarwal,1970-09-15,F,+918287521663,simran.agarwal@rediffmail.com,PARCX7186Z,399002117627,"166, Ring Road",Faridabad,Haryana,612316,2020-07-09,Y
CUST000088,Varun,Patil,1961-08-30,M,+919556272899,varun.patil@outlook.com,MUOMX7684I,814268237559,"216, Gandhi Nagar",Thane,Maharashtra,415921,2022-11-13,Y
CUST000089,Vishal,Goyal,2002-07-25,F,+916286067085,vishal.goyal@yahoo.in,YZZQW0086Z,155725372632,"936, MG Road",Guwahati,Assam,251368,2015-11-15,N
CUST000090,Kabir,Kapoor,1966-11-20,M,+919563447969,kabir.kapoor@outlook.com,PQNUH8188F,944063010420,"210, Hill Road",Faridabad,Haryana,458319,2019-11-13,Y
CUST000091,Ananya,Dutta,1987-10-18,F,+919095614307,ananya.dutta@rediffmail.com,OIEPB9292M,341787459918,"610, Gandhi Nagar",Bengaluru,Karnataka,597561,2011-03-04,N
CUST000092,Kiran,Trivedi,1983-01-05,M,+916076276623,kiran.trivedi@outlook.com,RGWXD5989W,384160532025,"684, Ring Road",Vadodara,Gujarat,628720,2024-01-17,N
CUST000093,Shubham,Chatterjee,2001-09-02,M,+919391328217,shubham.chatterjee@rediffmail.com,SBCCI6288A,662339826760,"878, Ring Road",Ahmedabad,Gujarat,205705,2019-12-29,N
CUST000094,Ishita,Reddy,1971-09-02,M,+919981843234,ishita.reddy@yahoo.in,NYDGV7977C,592615662639,"439, Park Street",Bengaluru,Karnataka,699140,2016-01-24,N
CUST000095,Anand,Pandey,1975-06-01,F,+919810372445,anand.pandey@yahoo.in,BFXQX5295J,004639363862,"683, Gandhi Nagar",Lucknow,Uttar Pradesh,353655,2021-12-22,Y
CUST000096,Gaurav,Yadav,1969-11-09,M,+917440633719,gaurav.yadav@gmail.com,KGQJX4535S,370239715190,"477, Gandhi Nagar",Bengaluru,Karnataka,511846,2022-11-20,Y
CUST000097,Rahul,Patel,1991-06-16,F,+917732711432,rahul.patel@rediffmail.com,ZBOZB3313F,354971065480,"419, MG Road",Indore,Madhya Pradesh,706377,2025-02-09,Y
CUST000098,Bhavya,Jha,1975-06-16,M,+919199598649,bhavya.jha@outlook.com,YFPMJ1633R,848978970421,"480, MG Road",Madurai,Tamil Nadu,273622,2018-03-16,N
CUST000099,Vinay,Mishra,1985-09-22,M,+918808410576,vinay.mishra@gmail.com,RNNRU5576W,388539663084,"46, Gandhi Nagar",Hyderabad,Telangana,211111,2013-02-05,Y
CUST000100,Sunita,Agarwal,1993-06-03,F,+918968961626,sunita.agarwal@rediffmail.com,RQABB5386C,875920005783,"120, Hill Road",Raipur,Chhattisgarh,859528,2010-11-21,N
CUST000101,Nisha,Desai,1962-05-26,F,+918845716712,nisha.desai@gmail.com,ISYHV4305B,085659578572,"962, Lake Road",Bengaluru,Karnataka,127828,2019-08-01,N
CUST000102,Harsha,Tiwari,1977-07-30,M,+916106019177,harsha.tiwari@yahoo.in,JVFXT1069F,308551996917,"409, MG Road",Aurangabad,Maharashtra,546551,2024-04-05,Y
CUST000103,Pankaj,Desai,1997-08-11,F,+917496332569,pankaj.desai@yahoo.in,SPHXE4523H,851702562275,"440, Gandhi Nagar",Madurai,Tamil Nadu,903197,2010-06-22,Y
CUST000104,Farhan,Chopra,1963-07-04,F,+919605259862,farhan.chopra@gmail.com,XVRUH9971T,836793488640,"667, Lake Road",Guwahati,Assam,634730,2019-01-14,N
CUST000105,Aditya,Kapoor,1982-11-20,M,+919614925232,aditya.kapoor@gmail.com,QAPDY9482H,625166135868,"116, Station Road",Rajkot,Gujarat,171480,2026-04-06,Y
CUST000106,Rekha,Shukla,1972-08-31,M,+917628387168,rekha.shukla@gmail.com,AQHID1266G,248616475266,"194, Hill Road",Chandigarh,Chandigarh,599551,2014-05-21,Y
CUST000107,Shubham,Verma,1986-07-08,F,+917123188413,shubham.verma@rediffmail.com,TBDJP7239I,612518390565,"890, Ring Road",Madurai,Tamil Nadu,754576,2021-03-31,Y
CUST000108,Sachin,Chaudhary,1978-01-23,M,+917557302352,sachin.chaudhary@yahoo.in,HQNYI1758R,872163121770,"251, Park Street",Guwahati,Assam,568459,2009-06-19,Y
CUST000109,Aarav,Patil,2000-11-01,F,+916836700513,aarav.patil@outlook.com,RPTUG7844U,133499543189,"613, Ring Road",Nagpur,Maharashtra,906925,2013-12-30,N
CUST000110,Raj,Kumar,1979-06-23,M,+918587585638,raj.kumar@outlook.com,JDHYX5312B,003192097616,"277, Gandhi Nagar",Patna,Bihar,224631,2016-02-16,Y
CUST000111,Anand,Gupta,1985-03-17,M,+919452016927,anand.gupta@yahoo.in,OOASI2184D,855912860227,"24, Nehru Place",Surat,Gujarat,664946,2011-01-19,Y
CUST000112,Priya,Khanna,1984-01-30,F,+916004067094,priya.khanna@yahoo.in,KLJOG8424E,432089662011,"669, Lake Road",Jaipur,Rajasthan,445193,2013-01-14,Y
CUST000113,Ananya,Goyal,1973-11-21,M,+919184191825,ananya.goyal@yahoo.in,ABPWJ4666L,416224000302,"428, Nehru Place",Hyderabad,Telangana,711154,2022-09-22,Y
CUST000114,Rajan,Dixit,2001-01-01,M,+916084019649,rajan.dixit@yahoo.in,LGJEV5452I,529290274513,"832, Ring Road",Patna,Bihar,433153,2008-03-04,Y
CUST000115,Meera,Srivastava,1972-03-04,F,+917972750604,meera.srivastava@gmail.com,AWRJR5425E,493181153421,"903, Hill Road",Madurai,Tamil Nadu,768920,2025-11-11,Y
CUST000116,Pallavi,Reddy,1975-06-26,F,+919996406752,pallavi.reddy@yahoo.in,GGBVW7253T,389539529412,"406, Ring Road",Delhi,Delhi,669304,2018-09-20,Y
CUST000117,Deepak,Kapoor,1967-11-08,F,+917705771240,deepak.kapoor@yahoo.in,ALQQV6586R,383300583802,"855, Gandhi Nagar",Mumbai,Maharashtra,871216,2011-05-19,Y
CUST000118,Gaurav,Nair,1982-12-05,M,+916977194470,gaurav.nair@gmail.com,TTFJH1357I,572202642990,"131, Park Street",Ludhiana,Punjab,763253,2022-03-28,Y
CUST000119,Priya,Gupta,1977-02-25,M,+918215360736,priya.gupta@outlook.com,LHUAA0771Z,230349378911,"610, Lake Road",Chandigarh,Chandigarh,579954,2009-08-21,Y
CUST000120,Nisha,Gupta,1978-06-29,M,+917233273772,nisha.gupta@rediffmail.com,TVUQY6154L,237960109843,"639, Ring Road",Patna,Bihar,284489,2018-09-19,Y
CUST000121,Aditya,Dubey,1996-01-29,M,+919424524042,aditya.dubey@outlook.com,DWEQM1578P,819251690369,"691, MG Road",Ahmedabad,Gujarat,857389,2013-11-19,Y
CUST000122,Shubham,Singh,1998-06-06,F,+917625501636,shubham.singh@outlook.com,VHSDD7825T,448841617521,"767, Ring Road",Rajkot,Gujarat,762302,2010-04-01,Y
CUST000123,Priya,Hegde,1975-12-15,M,+918217002264,priya.hegde@yahoo.in,JCBTY5373O,775642943176,"216, Lake Road",Ghaziabad,Uttar Pradesh,921023,2008-06-26,Y
CUST000124,Ritika,Ghosh,1969-02-21,M,+919519315337,ritika.ghosh@yahoo.in,GYUCA6045M,513303401199,"720, Nehru Place",Visakhapatnam,Andhra Pradesh,616219,2009-04-02,Y
CUST000125,Sunil,Chatterjee,1962-08-03,M,+916296682573,sunil.chatterjee@outlook.com,HATKK1982I,703351495464,"148, Lake Road",Guwahati,Assam,379044,2013-07-01,Y
CUST000126,Lakshmi,Nair,1999-01-16,F,+916509777052,lakshmi.nair@outlook.com,FLKJH9463X,759261062684,"523, Hill Road",Lucknow,Uttar Pradesh,406320,2011-07-28,Y
CUST000127,Aarav,Mishra,1972-05-08,F,+917650040634,aarav.mishra@yahoo.in,COYKQ7335W,817883105217,"169, Nehru Place",Ghaziabad,Uttar Pradesh,728081,2015-01-21,Y
CUST000128,Aryan,Chaudhary,1980-06-04,F,+919874978866,aryan.chaudhary@gmail.com,ISJYE4297R,658800870771,"814, Gandhi Nagar",Jaipur,Rajasthan,159179,2022-07-19,Y
CUST000129,Sanjay,Khan,2001-07-29,F,+917464824345,sanjay.khan@gmail.com,DSZEP3064D,929134084071,"406, Hill Road",Varanasi,Uttar Pradesh,302394,2019-09-01,Y
CUST000130,Sneha,Singh,1963-08-25,F,+919946643710,sneha.singh@outlook.com,FAQSI0051M,091624541539,"484, Gandhi Nagar",Nashik,Maharashtra,424435,2015-04-08,Y
CUST000131,Kiran,Shukla,2001-01-17,F,+919728248653,kiran.shukla@yahoo.in,TZBAF5847T,508137078992,"904, Station Road",Hyderabad,Telangana,582038,2010-07-30,N
CUST000132,Vishal,Agarwal,1961-03-03,M,+917890962250,vishal.agarwal@gmail.com,XNIRS2121V,173480480012,"217, MG Road",Visakhapatnam,Andhra Pradesh,266782,2024-07-22,Y
CUST000133,Anand,Tiwari,1980-07-29,M,+917552023078,anand.tiwari@rediffmail.com,CZTTP9194S,062311727442,"201, Park Street",Varanasi,Uttar Pradesh,325831,2021-01-27,Y
CUST000134,Ritika,Joshi,1991-01-02,F,+919559251336,ritika.joshi@gmail.com,CPTSG3544M,979572769275,"197, Park Street",Kolkata,West Bengal,236238,2019-12-07,Y
CUST000135,Pooja,Kapoor,1968-06-01,F,+917905162913,pooja.kapoor@rediffmail.com,LFBIG8661M,523150931285,"973, Park Street",Agra,Uttar Pradesh,999320,2017-11-07,Y
CUST000136,Raj,Mehta,1999-01-27,F,+916663049534,raj.mehta@yahoo.in,HTDWW2400D,045754098962,"251, Nehru Place",Coimbatore,Tamil Nadu,509911,2026-01-19,N
CUST000137,Lakshmi,Srivastava,1965-08-12,F,+917757003285,lakshmi.srivastava@outlook.com,SDPVZ4885A,359838311986,"724, Nehru Place",Rajkot,Gujarat,156239,2014-02-19,N
CUST000138,Sara,Sinha,1977-12-28,M,+917953466162,sara.sinha@rediffmail.com,PDZTG9174Z,006161588143,"380, Nehru Place",Varanasi,Uttar Pradesh,626348,2008-01-23,Y
CUST000139,Ishaan,Trivedi,1966-07-09,M,+917145618754,ishaan.trivedi@outlook.com,AYNUV8465Q,591135357521,"556, Station Road",Delhi,Delhi,834261,2010-04-29,Y
CUST000140,Ravi,Tiwari,1976-04-15,M,+916462852243,ravi.tiwari@rediffmail.com,VKDBM2347E,015703177250,"484, Station Road",Faridabad,Haryana,579748,2014-11-19,Y
CUST000141,Divya,Trivedi,1975-02-02,M,+919885852886,divya.trivedi@rediffmail.com,QMJKU4323K,129216118082,"555, Hill Road",Hyderabad,Telangana,940807,2015-01-21,Y
CUST000142,Varun,Mehta,1969-11-24,F,+918216362847,varun.mehta@rediffmail.com,BQHFW0612T,642602020743,"763, MG Road",Patna,Bihar,203816,2016-05-12,Y
CUST000143,Sanjay,Yadav,1989-04-10,F,+916455901876,sanjay.yadav@outlook.com,RINVH2193P,450643801732,"197, Park Street",Ghaziabad,Uttar Pradesh,848305,2009-07-09,Y
CUST000144,Shreya,Iyer,1999-01-06,M,+916524434010,shreya.iyer@rediffmail.com,YUYZD8439H,958808561770,"312, Station Road",Agra,Uttar Pradesh,179271,2025-03-09,Y
CUST000145,Ananya,Ghosh,1972-03-20,F,+916532803480,ananya.ghosh@gmail.com,DOEME9506C,017525164986,"387, Park Street",Jodhpur,Rajasthan,443129,2018-05-27,Y
CUST000146,Amit,Trivedi,1992-10-20,M,+918471064211,amit.trivedi@rediffmail.com,VCRQS0024G,632162326157,"898, Ring Road",Srinagar,Jammu & Kashmir,962320,2016-01-18,Y
CUST000147,Ishita,Yadav,1992-03-17,F,+918693071349,ishita.yadav@yahoo.in,TCPVR9955G,390410477085,"841, Nehru Place",Nagpur,Maharashtra,443402,2008-04-14,Y
CUST000148,Kiran,Dubey,1964-09-19,M,+919726009675,kiran.dubey@rediffmail.com,LXOZW3828F,794493615172,"963, Nehru Place",Delhi,Delhi,457625,2022-03-16,Y
CUST000149,Pallavi,Dixit,1975-09-25,M,+917797780691,pallavi.dixit@rediffmail.com,UNMLI3647P,413401843504,"244, Ring Road",Amritsar,Punjab,724868,2025-03-30,N
CUST000150,Kavya,Ghosh,1978-05-22,M,+918777657227,kavya.ghosh@outlook.com,AVFJL8065Z,988160253505,"662, MG Road",Madurai,Tamil Nadu,259283,2014-06-03,Y
CUST000151,Vikas,Khanna,2000-01-19,F,+917233332253,vikas.khanna@outlook.com,PMFDD6318Z,941576205502,"12, Station Road",Coimbatore,Tamil Nadu,593719,2025-02-09,Y
CUST000152,Madhuri,Kapoor,1976-06-21,M,+916641112678,madhuri.kapoor@outlook.com,PTIAV2530X,639964240020,"71, Park Street",Ludhiana,Punjab,551976,2020-07-24,Y
CUST000153,Swati,Kapoor,1961-11-06,M,+918318691879,swati.kapoor@yahoo.in,APCWN8613D,877330583146,"39, Park Street",Delhi,Delhi,849570,2015-05-20,Y
CUST000154,Deepak,Chaudhary,1974-10-29,M,+919938174373,deepak.chaudhary@rediffmail.com,GBUED6889E,816119849060,"787, Gandhi Nagar",Thane,Maharashtra,647034,2009-05-26,Y
CUST000155,Ishaan,Ghosh,1998-01-24,M,+918432539899,ishaan.ghosh@rediffmail.com,BTBIH3763G,872363005180,"801, Park Street",Indore,Madhya Pradesh,256537,2011-08-06,Y
CUST000156,Ishaan,Mehta,1963-08-06,F,+918055119063,ishaan.mehta@yahoo.in,OUMTK5322M,524541184788,"553, Park Street",Amritsar,Punjab,272648,2010-08-30,Y
CUST000157,Priya,Hegde,2002-12-03,F,+918689224016,priya.hegde@rediffmail.com,ILWCP6184Y,844544961923,"249, Ring Road",Srinagar,Jammu & Kashmir,952915,2011-02-28,Y
CUST000158,Arun,Hegde,1983-06-16,M,+917094164785,arun.hegde@rediffmail.com,CMRGG7848P,558168041720,"835, MG Road",Hyderabad,Telangana,169368,2020-02-12,Y
CUST000159,Vikram,Shukla,1984-04-08,M,+916323315304,vikram.shukla@rediffmail.com,IYCEZ5247E,085560826382,"133, Station Road",Nagpur,Maharashtra,845709,2009-02-18,Y
CUST000160,Saurabh,Kaur,1966-07-22,F,+918124203335,saurabh.kaur@gmail.com,TKHPY1859W,134605202463,"767, Nehru Place",Faridabad,Haryana,333453,2009-08-06,Y
CUST000161,Pooja,Dixit,1991-11-21,M,+916915890727,pooja.dixit@outlook.com,QCQHI5543Y,087888516767,"710, Gandhi Nagar",Lucknow,Uttar Pradesh,265612,2022-05-18,Y
CUST000162,Sara,Mukherjee,1966-07-14,F,+919339746388,sara.mukherjee@gmail.com,HTDZG5497U,915399609232,"615, Nehru Place",Ahmedabad,Gujarat,133597,2013-09-01,N
CUST000163,Meera,Malhotra,1986-06-17,F,+918568339470,meera.malhotra@gmail.com,JHXRO6702W,894423277511,"451, Station Road",Amritsar,Punjab,204908,2015-03-02,Y
CUST000164,Pankaj,Shah,1967-02-07,F,+919907980328,pankaj.shah@rediffmail.com,QNJKB9219V,494277744927,"526, MG Road",Chandigarh,Chandigarh,367157,2008-08-16,Y
CUST000165,Aarav,Gupta,2002-06-27,F,+918286491827,aarav.gupta@yahoo.in,KCWGZ9652P,910935613439,"821, Park Street",Coimbatore,Tamil Nadu,375588,2023-08-08,Y
CUST000166,Rakesh,Dixit,1973-07-21,M,+919663260462,rakesh.dixit@gmail.com,XJDUM1105O,875311112641,"694, Nehru Place",Visakhapatnam,Andhra Pradesh,443615,2024-09-17,Y
CUST000167,Mohit,Das,1989-04-12,M,+916772905130,mohit.das@yahoo.in,PTJOQ5055F,792604526726,"878, Nehru Place",Ahmedabad,Gujarat,999124,2013-09-04,N
CUST000168,Kunal,Joshi,1965-04-26,M,+918782482596,kunal.joshi@yahoo.in,LWRSZ1947O,060472383956,"469, MG Road",Agra,Uttar Pradesh,792561,2024-11-13,N
CUST000169,Ananya,Hegde,1975-10-09,M,+916174927141,ananya.hegde@gmail.com,LJNRX9533M,287848978820,"798, Hill Road",Bengaluru,Karnataka,499478,2026-02-08,Y
CUST000170,Harsha,Pandey,1987-03-29,M,+917486778093,harsha.pandey@gmail.com,DCNOA8498I,305461642826,"993, Gandhi Nagar",Vadodara,Gujarat,622996,2025-06-29,Y
CUST000171,Anjali,Rao,1982-09-30,F,+916079893175,anjali.rao@rediffmail.com,ASWEB5022A,891504552193,"633, MG Road",Rajkot,Gujarat,332400,2009-01-20,Y
CUST000172,Akash,Jha,1969-04-02,F,+918973588205,akash.jha@outlook.com,WAMPU3792L,502780794978,"231, Park Street",Madurai,Tamil Nadu,495810,2011-11-19,N
CUST000173,Sunita,Menon,1976-05-03,F,+919770062690,sunita.menon@rediffmail.com,XATOV4010K,063930785642,"553, Nehru Place",Madurai,Tamil Nadu,114423,2011-09-12,Y
CUST000174,Harsha,Kapoor,2002-09-22,F,+917890593447,harsha.kapoor@outlook.com,HTPVY6140O,205528793356,"566, Gandhi Nagar",Pune,Maharashtra,856736,2012-06-03,Y
CUST000175,Sunil,Saxena,1990-10-21,M,+917262326984,sunil.saxena@rediffmail.com,IAOEN5766V,824155570414,"989, Lake Road",Srinagar,Jammu & Kashmir,709790,2010-10-26,Y
CUST000176,Rakesh,Chopra,1994-04-12,M,+918403686134,rakesh.chopra@gmail.com,RIGFF6046G,512225539692,"65, Hill Road",Guwahati,Assam,307236,2023-08-27,Y
CUST000177,Rahul,Agarwal,2001-12-09,M,+919383395915,rahul.agarwal@gmail.com,WHPVY3898R,426834247700,"421, Station Road",Nagpur,Maharashtra,749229,2011-04-13,N
CUST000178,Kabir,Menon,1994-05-26,F,+918768602938,kabir.menon@rediffmail.com,IUQTX4324X,997759653135,"589, Park Street",Nashik,Maharashtra,910025,2019-04-09,N
CUST000179,Anand,Malhotra,1997-05-26,M,+917673944936,anand.malhotra@yahoo.in,DOTAV6300C,983823400112,"723, Lake Road",Bhopal,Madhya Pradesh,257465,2018-04-22,N
CUST000180,Meera,Dixit,1988-01-25,F,+919799262103,meera.dixit@rediffmail.com,QZBLI9834I,228859663019,"224, MG Road",Thane,Maharashtra,782036,2013-11-27,Y
CUST000181,Sara,Kapoor,1978-10-01,F,+917816270632,sara.kapoor@yahoo.in,TKOYD9386G,069730290571,"41, Park Street",Guwahati,Assam,446396,2015-09-13,Y
CUST000182,Rakesh,Desai,1986-08-11,M,+916486706438,rakesh.desai@gmail.com,RQICL8332Q,275195110135,"233, Lake Road",Madurai,Tamil Nadu,532751,2021-05-09,Y
CUST000183,Suresh,Patil,1979-09-15,M,+916160290717,suresh.patil@outlook.com,FMBRT4581Z,504322254692,"718, Station Road",Surat,Gujarat,677932,2015-07-30,Y
CUST000184,Lakshmi,Shukla,1984-03-06,F,+919506978109,lakshmi.shukla@gmail.com,TEXUA4456I,033693018835,"128, Hill Road",Thane,Maharashtra,199581,2015-05-17,Y
CUST000185,Uday,Agarwal,1963-03-23,M,+918462275538,uday.agarwal@yahoo.in,LCEAC3505F,305798502132,"835, MG Road",Surat,Gujarat,857709,2012-05-28,N
CUST000186,Rekha,Agarwal,1982-03-13,F,+916220029068,rekha.agarwal@yahoo.in,FGWOB6999W,857784363648,"546, Gandhi Nagar",Jodhpur,Rajasthan,751498,2015-12-14,Y
CUST000187,Raj,Saxena,2001-12-22,M,+916935707956,raj.saxena@gmail.com,KLQKY4505R,147744475912,"667, Ring Road",Coimbatore,Tamil Nadu,577385,2015-08-25,Y
CUST000188,Uday,Saxena,1986-07-05,F,+919510929810,uday.saxena@gmail.com,UPIOZ0841J,016620494778,"286, Ring Road",Srinagar,Jammu & Kashmir,953153,2011-05-23,Y
CUST000189,Kunal,Kapoor,1981-01-24,F,+918767362029,kunal.kapoor@yahoo.in,IJFZO9521X,408142758201,"451, MG Road",Ghaziabad,Uttar Pradesh,425113,2018-07-05,Y
CUST000190,Neha,Khan,1977-10-15,M,+917747119955,neha.khan@rediffmail.com,BYBWL5154K,828280798024,"345, Nehru Place",Mumbai,Maharashtra,579368,2020-10-23,Y
CUST000191,Arjun,Chaudhary,2001-01-30,F,+918513987956,arjun.chaudhary@gmail.com,VQQFC3785A,616084008916,"272, Gandhi Nagar",Pune,Maharashtra,806106,2011-08-24,Y
CUST000192,Chetan,Mehta,1982-04-07,M,+919729176337,chetan.mehta@yahoo.in,TOJID4800E,200642534232,"369, Station Road",Guwahati,Assam,773646,2018-08-12,Y
CUST000193,Sara,Malhotra,1975-10-13,F,+917211325066,sara.malhotra@yahoo.in,IOZTP1104G,106700063072,"226, Station Road",Raipur,Chhattisgarh,228240,2009-05-13,Y
CUST000194,Nikhil,Khan,1975-10-24,F,+917794005227,nikhil.khan@yahoo.in,YULAM0524I,248941613888,"745, MG Road",Patna,Bihar,902199,2016-06-30,Y
CUST000195,Arun,Goyal,1986-04-02,F,+917608317020,arun.goyal@outlook.com,TGENT3358O,158153784197,"239, Hill Road",Coimbatore,Tamil Nadu,116961,2019-01-28,Y
CUST000196,Aarav,Khanna,1993-03-18,M,+919723249697,aarav.khanna@yahoo.in,UPKHT5103U,483094147529,"103, Lake Road",Indore,Madhya Pradesh,258014,2015-07-26,Y
CUST000197,Kunal,Reddy,1979-11-12,M,+919764427215,kunal.reddy@gmail.com,DIEDU4285R,327495161817,"862, Station Road",Ludhiana,Punjab,182046,2014-02-12,Y
CUST000198,Ravi,Srivastava,1996-03-29,F,+919486474703,ravi.srivastava@gmail.com,WPIGD4623S,060946086609,"769, Hill Road",Visakhapatnam,Andhra Pradesh,276466,2010-06-13,Y
CUST000199,Sneha,Khanna,1976-06-03,M,+917346680414,sneha.khanna@gmail.com,BBODQ7202P,858503660939,"599, Hill Road",Kanpur,Uttar Pradesh,941620,2015-01-05,Y
CUST000200,Bhavya,Malhotra,1962-06-08,F,+916388303370,bhavya.malhotra@rediffmail.com,BTJPN6795E,076338143173,"295, Hill Road",Kolkata,West Bengal,792163,2018-11-22,N
CUST000201,Rahul,Sinha,1982-08-13,M,+917839704215,rahul.sinha@gmail.com,SSVQD8544M,985371765141,"16, Station Road",Kanpur,Uttar Pradesh,678415,2023-04-22,Y
CUST000202,Harsha,Mehta,1962-09-24,F,+917457756226,harsha.mehta@outlook.com,GLYPR1204I,681206981888,"30, Gandhi Nagar",Delhi,Delhi,354565,2016-12-04,Y
CUST000203,Swati,Tiwari,1968-09-26,M,+918865565058,swati.tiwari@rediffmail.com,MWAZH2781X,480158101449,"823, Park Street",Meerut,Uttar Pradesh,667680,2023-10-10,Y
CUST000204,Lakshmi,Das,1972-01-05,F,+918397821906,lakshmi.das@gmail.com,EXGWB7043X,528794685662,"953, Ring Road",Kolkata,West Bengal,393355,2016-09-25,N
CUST000205,Amit,Reddy,1997-05-16,M,+917132064624,amit.reddy@rediffmail.com,ZZDIV4782H,442487932695,"660, Park Street",Ghaziabad,Uttar Pradesh,533846,2021-03-12,Y
CUST000206,Rajan,Gandhi,1970-02-18,F,+919008161859,rajan.gandhi@rediffmail.com,TCBNH8981F,930345849041,"730, Station Road",Jaipur,Rajasthan,423202,2011-08-01,Y
CUST000207,Kavya,Sharma,1980-02-02,M,+919396078430,kavya.sharma@gmail.com,JRQDK1272X,382701165308,"688, Nehru Place",Raipur,Chhattisgarh,782245,2018-06-21,Y
CUST000208,Kiran,Mukherjee,2002-11-08,F,+917853600072,kiran.mukherjee@rediffmail.com,UKMEX6010Q,652808158404,"671, MG Road",Jodhpur,Rajasthan,809209,2023-08-20,Y
CUST000209,Sachin,Ghosh,1994-12-15,F,+916943872786,sachin.ghosh@rediffmail.com,BYUDX7693M,325220252532,"874, MG Road",Pune,Maharashtra,699167,2025-11-23,N
CUST000210,Zara,Tiwari,1976-06-30,M,+917555758243,zara.tiwari@yahoo.in,NBSFM9629T,756291991786,"47, Ring Road",Jaipur,Rajasthan,756371,2020-10-08,Y
CUST000211,Rohit,Trivedi,1983-10-01,M,+918712669968,rohit.trivedi@outlook.com,FHAIW4574I,907938154842,"239, MG Road",Bhopal,Madhya Pradesh,762132,2014-11-11,Y
CUST000212,Sunil,Tiwari,1968-04-05,M,+919143765811,sunil.tiwari@rediffmail.com,MPGDN3615F,184724749248,"24, Ring Road",Pune,Maharashtra,794310,2023-04-16,N
CUST000213,Deepak,Kapoor,1976-04-28,M,+917839958082,deepak.kapoor@rediffmail.com,VAWNC7996N,460172965532,"230, Lake Road",Pune,Maharashtra,414803,2023-12-24,Y
CUST000214,Sneha,Pandey,1994-10-16,F,+916996456802,sneha.pandey@outlook.com,FRJLJ2454Y,184237359518,"230, Lake Road",Jodhpur,Rajasthan,987386,2023-12-27,Y
CUST000215,Kavya,Pillai,1975-05-31,F,+918335498231,kavya.pillai@rediffmail.com,KVBXU6719T,886520339816,"542, Gandhi Nagar",Pune,Maharashtra,408468,2019-02-13,Y
CUST000216,Sachin,Pillai,1974-09-04,M,+916327993578,sachin.pillai@yahoo.in,FFBCS2762E,986665125484,"663, Nehru Place",Rajkot,Gujarat,334161,2022-08-14,Y
CUST000217,Kiran,Tiwari,1968-03-22,F,+917186843450,kiran.tiwari@gmail.com,EOJQS0780N,163282085033,"218, Station Road",Nagpur,Maharashtra,723534,2010-03-10,Y
CUST000218,Saurabh,Shah,1971-12-23,M,+916913722377,saurabh.shah@rediffmail.com,RDBLU6794B,245279000918,"125, Hill Road",Kanpur,Uttar Pradesh,719236,2022-02-25,Y
CUST000219,Chetan,Naik,1987-10-27,F,+916755860594,chetan.naik@gmail.com,HTJVQ0106N,504630553752,"958, Station Road",Ludhiana,Punjab,122618,2025-02-02,Y
CUST000220,Sunil,Sinha,1978-08-23,M,+919070883115,sunil.sinha@rediffmail.com,XGPEY7433P,248740675731,"965, Park Street",Chennai,Tamil Nadu,866915,2025-03-20,N
CUST000221,Vikas,Mukherjee,1980-01-09,F,+919987347675,vikas.mukherjee@yahoo.in,CMXAU0403Q,370373413734,"23, Lake Road",Nagpur,Maharashtra,891155,2018-09-13,Y
CUST000222,Zara,Nair,2002-02-17,F,+917914977961,zara.nair@yahoo.in,OBBQR5767D,076116528805,"814, Hill Road",Chandigarh,Chandigarh,759534,2013-08-09,Y
CUST000223,Kunal,Malhotra,1977-11-11,F,+916303977711,kunal.malhotra@rediffmail.com,DZIHG4342T,630955345383,"931, MG Road",Chennai,Tamil Nadu,265754,2022-05-20,Y
CUST000224,Uday,Shukla,1970-11-04,M,+918461495317,uday.shukla@outlook.com,NJLKA6789C,283815575953,"545, Park Street",Indore,Madhya Pradesh,505355,2023-07-28,N
CUST000225,Shreya,Gupta,1968-03-22,F,+919353419180,shreya.gupta@rediffmail.com,IGKNH8679F,323930073600,"619, MG Road",Jodhpur,Rajasthan,685802,2009-08-19,Y
CUST000226,Rahul,Shukla,1967-05-05,M,+917907994155,rahul.shukla@gmail.com,GPPSV2666H,826143959577,"578, Lake Road",Guwahati,Assam,966148,2015-06-02,Y
CUST000227,Kiran,Desai,1978-02-07,M,+917984442400,kiran.desai@rediffmail.com,EKFOH2147N,135998645484,"191, Gandhi Nagar",Hyderabad,Telangana,316652,2014-02-11,Y
CUST000228,Akash,Kaur,1980-04-27,F,+917010285882,akash.kaur@outlook.com,ZKRJJ3010I,316621851210,"559, Ring Road",Chennai,Tamil Nadu,442225,2017-08-11,Y
CUST000229,Amit,Saxena,1979-03-16,M,+919863158627,amit.saxena@yahoo.in,MCAUW2520S,222579886236,"497, MG Road",Srinagar,Jammu & Kashmir,716571,2017-05-26,Y
CUST000230,Harsha,Srivastava,1991-02-27,M,+917820188604,harsha.srivastava@gmail.com,ZWOST0201J,763379854119,"138, Nehru Place",Pune,Maharashtra,492718,2010-10-24,N
CUST000231,Kabir,Gupta,1968-05-09,F,+918835818298,kabir.gupta@gmail.com,AKZKR9392R,463627324521,"217, Park Street",Chandigarh,Chandigarh,858560,2014-02-12,Y
CUST000232,Arjun,Das,1974-06-19,M,+919131994964,arjun.das@gmail.com,JRNHP2557X,587392165500,"207, Park Street",Ahmedabad,Gujarat,508923,2015-12-26,Y
CUST000233,Aryan,Sharma,1961-11-17,F,+919465638564,aryan.sharma@gmail.com,SIZJK9970M,234377684941,"106, MG Road",Coimbatore,Tamil Nadu,162123,2008-10-14,Y
CUST000234,Bhavya,Chatterjee,1979-11-06,M,+916962213458,bhavya.chatterjee@rediffmail.com,OTOYL5395T,652650743779,"663, Park Street",Amritsar,Punjab,808171,2014-10-15,Y
CUST000235,Aarav,Hegde,1965-09-23,M,+919922201192,aarav.hegde@outlook.com,AYTPJ4768L,546566137275,"583, Hill Road",Kanpur,Uttar Pradesh,213804,2009-10-22,Y
CUST000236,Pankaj,Tiwari,1992-12-04,M,+917573977318,pankaj.tiwari@yahoo.in,UUGCO9425S,809191413428,"609, Park Street",Rajkot,Gujarat,924900,2010-04-17,N
CUST000237,Aarav,Bose,1963-03-13,F,+919202824907,aarav.bose@outlook.com,DDMJG9294C,495284050832,"402, Hill Road",Amritsar,Punjab,950335,2018-12-31,Y
CUST000238,Gaurav,Mukherjee,1971-08-10,M,+916765865962,gaurav.mukherjee@gmail.com,IHOZD0430T,913453500745,"865, Hill Road",Mysore,Karnataka,454269,2022-06-24,Y
CUST000239,Aarav,Malhotra,1993-10-18,F,+918914053617,aarav.malhotra@gmail.com,USKMM0259D,329678017156,"242, Hill Road",Srinagar,Jammu & Kashmir,946673,2015-09-23,Y
CUST000240,Ishaan,Rao,1964-02-25,F,+919306797744,ishaan.rao@gmail.com,LEYKW5167X,538050798218,"727, MG Road",Rajkot,Gujarat,828874,2022-07-31,Y
CUST000241,Simran,Khanna,1972-06-30,M,+918720422931,simran.khanna@gmail.com,XCBTQ2263D,635493073077,"181, Hill Road",Bhopal,Madhya Pradesh,580754,2010-11-22,N
CUST000242,Deepa,Shukla,1973-07-15,M,+919078796917,deepa.shukla1850@outlook.com,RRNKX1102H,204546007602,"909, MG Road",Kanpur,Uttar Pradesh,997338,2010-01-15,Y
CUST000243,Nandini,Dutta,1984-06-03,F,+917165123093,nandini.dutta@rediffmail.com,FLJUR9786S,263825505560,"108, Nehru Place",Surat,Gujarat,722655,2021-03-16,Y
CUST000244,Kabir,Dixit,1985-07-04,F,+916645423285,kabir.dixit@yahoo.in,JYLSD9618P,127924556901,"387, Ring Road",Jaipur,Rajasthan,425006,2018-07-02,Y
CUST000245,Harsha,Khanna,1992-04-20,M,+917603394333,harsha.khanna@yahoo.in,URMKU4784N,582510426640,"473, Gandhi Nagar",Thane,Maharashtra,125128,2014-10-15,Y
CUST000246,Mohit,Malhotra,1967-12-30,F,+916502902733,mohit.malhotra@outlook.com,LKIRB3706B,729845030225,"617, Park Street",Patna,Bihar,238030,2014-05-09,Y
CUST000247,Zara,Desai,1983-10-15,F,+918722949172,zara.desai@gmail.com,EESTB8932X,728066862679,"357, Hill Road",Jaipur,Rajasthan,320364,2014-05-20,Y
CUST000248,Sachin,Patil,1969-02-14,F,+918440035014,sachin.patil@gmail.com,DDKGB3425Q,598917008457,"730, Gandhi Nagar",Kolkata,West Bengal,888231,2023-02-25,Y
CUST000249,Gaurav,Gandhi,1974-04-26,M,+919685048835,gaurav.gandhi@rediffmail.com,GMJSM1733M,669547496403,"221, Park Street",Meerut,Uttar Pradesh,388988,2026-03-19,Y
CUST000250,Mohan,Shah,1981-05-06,M,+918716937417,mohan.shah@outlook.com,ODZYV0157H,924170094778,"123, Lake Road",Bhopal,Madhya Pradesh,838918,2008-10-31,Y
CUST000251,Meera,Iyer,1996-11-04,F,+916812271906,meera.iyer@yahoo.in,FUTTY3491I,360487357619,"41, Station Road",Bengaluru,Karnataka,276824,2011-02-20,N
CUST000252,Deepak,Desai,1982-05-14,M,+916480766674,deepak.desai@rediffmail.com,HWLDS3037Y,708227286658,"345, Station Road",Kanpur,Uttar Pradesh,547721,2008-05-01,N
CUST000253,Aryan,Singh,1977-12-19,F,+919322416891,aryan.singh@rediffmail.com,JDEDF2081I,201667292601,"718, Nehru Place",Ghaziabad,Uttar Pradesh,405307,2019-01-18,Y
CUST000254,Divya,Kaur,1990-06-01,M,+916844786841,divya.kaur@yahoo.in,NDRUH8974G,650663695115,"506, MG Road",Chandigarh,Chandigarh,404343,2011-06-08,N
CUST000255,Mohit,Das,1979-03-11,M,+917057990799,mohit.das9718@yahoo.in,JSBVG6100G,841512824630,"648, Gandhi Nagar",Nagpur,Maharashtra,777110,2008-10-10,N
CUST000256,Aditya,Mishra,2002-05-27,F,+917025438614,aditya.mishra@yahoo.in,ESZAT5901T,609465521471,"689, Nehru Place",Ghaziabad,Uttar Pradesh,131957,2018-02-08,Y
CUST000257,Simran,Jha,1968-02-20,M,+916000114510,simran.jha@rediffmail.com,SHFMF6462F,785251164253,"636, MG Road",Ahmedabad,Gujarat,579637,2026-04-01,Y
CUST000258,Suresh,Dixit,1995-07-07,F,+917791598079,suresh.dixit@yahoo.in,VSRFM5734R,971471053561,"768, Park Street",Amritsar,Punjab,227761,2015-09-13,Y
CUST000259,Rahul,Patel,1989-03-09,F,+918209459285,rahul.patel@outlook.com,XESUY1216P,653558011457,"513, Ring Road",Vadodara,Gujarat,917719,2012-04-25,Y
CUST000260,Sneha,Sharma,1980-12-23,F,+917865230199,sneha.sharma@rediffmail.com,CNTFX7927M,023217942999,"64, Park Street",Kanpur,Uttar Pradesh,623530,2025-05-19,Y
CUST000261,Nikhil,Dubey,1989-10-25,M,+917492946398,nikhil.dubey@outlook.com,TQKQJ5044E,759623798448,"863, Hill Road",Ghaziabad,Uttar Pradesh,515961,2024-01-10,Y
CUST000262,Vikas,Yadav,1965-11-03,M,+918352809055,vikas.yadav@rediffmail.com,TOSSX1776M,101054044218,"632, Nehru Place",Rajkot,Gujarat,372408,2014-08-20,Y
CUST000263,Chetan,Gandhi,1971-05-19,M,+917259086073,chetan.gandhi@yahoo.in,XDOCW1004X,082839815655,"583, Hill Road",Meerut,Uttar Pradesh,614459,2021-03-25,N
CUST000264,Geeta,Dubey,1986-01-18,F,+917461101682,geeta.dubey@outlook.com,LXNPX6815G,459190054169,"211, Ring Road",Surat,Gujarat,258143,2012-05-24,Y
CUST000265,Aditya,Mukherjee,1960-11-26,F,+916798978480,aditya.mukherjee@outlook.com,DBGDZ2427Z,351328586243,"636, Lake Road",Nashik,Maharashtra,229268,2020-06-12,Y
CUST000266,Esha,Khan,1969-07-21,M,+916290361999,esha.khan@gmail.com,VBKYD5739D,424612346650,"983, Gandhi Nagar",Pune,Maharashtra,956233,2024-11-11,Y
CUST000267,Swati,Iyer,1997-01-10,F,+916890915194,swati.iyer@outlook.com,CVCHJ6172L,549909484939,"964, Hill Road",Agra,Uttar Pradesh,643063,2025-12-11,N
CUST000268,Aditya,Menon,1973-06-05,M,+916342532570,aditya.menon@outlook.com,NPZNR2555O,732649813573,"181, Lake Road",Surat,Gujarat,612456,2024-07-07,Y
CUST000269,Raj,Patel,1964-01-17,M,+918936690483,raj.patel@outlook.com,CFWZI1857D,166736596107,"886, Nehru Place",Pune,Maharashtra,628328,2010-11-15,Y
CUST000270,Saurabh,Dixit,1985-09-16,M,+919177571523,saurabh.dixit@rediffmail.com,IPFCI1913W,734282534734,"470, Hill Road",Visakhapatnam,Andhra Pradesh,373015,2011-10-01,N
CUST000271,Ravi,Nair,1991-03-09,M,+917966733084,ravi.nair@outlook.com,PVVTM5324C,909015221215,"14, Park Street",Jodhpur,Rajasthan,333785,2025-11-14,N
CUST000272,Pooja,Shah,1967-06-23,M,+916462319375,pooja.shah@yahoo.in,WPYYJ0751X,847475532423,"251, Hill Road",Amritsar,Punjab,398276,2012-10-25,Y
CUST000273,Deepak,Sinha,1982-10-24,M,+917981029185,deepak.sinha@rediffmail.com,CTRYL9473U,824737010025,"9, Lake Road",Pune,Maharashtra,523067,2019-10-06,Y
CUST000274,Meera,Mishra,1993-06-09,F,+919038612946,meera.mishra@rediffmail.com,QQUME8542P,771358627803,"92, Lake Road",Pune,Maharashtra,895847,2013-02-14,Y
CUST000275,Tanvi,Bose,1993-03-12,F,+919984824108,tanvi.bose@gmail.com,HLSYX4090N,890227982688,"587, Nehru Place",Indore,Madhya Pradesh,616951,2015-03-25,N
CUST000276,Sachin,Verma,1991-09-03,M,+916770287648,sachin.verma@rediffmail.com,GYHHQ9203R,801195967960,"397, Lake Road",Visakhapatnam,Andhra Pradesh,254001,2013-10-27,Y
CUST000277,Deepak,Sinha,1974-09-01,F,+919588866397,deepak.sinha7742@rediffmail.com,XIQGN3696X,717004969232,"541, Station Road",Ahmedabad,Gujarat,872694,2025-10-15,Y
CUST000278,Akash,Chopra,1977-05-02,M,+919544778585,akash.chopra@outlook.com,VHHOI9019J,941535203154,"598, MG Road",Ludhiana,Punjab,728974,2024-11-29,Y
CUST000279,Anand,Nair,1991-03-23,F,+917156732489,anand.nair@rediffmail.com,LXLGS6871Y,111223206174,"893, Lake Road",Aurangabad,Maharashtra,501463,2009-11-27,N
CUST000280,Pallavi,Nair,1978-03-09,F,+919764598588,pallavi.nair@gmail.com,AQCHR5031O,222640621323,"543, Station Road",Raipur,Chhattisgarh,726322,2012-04-14,Y
CUST000281,Anand,Chopra,1998-03-30,F,+917673790433,anand.chopra@yahoo.in,ZFWRI9854V,526521474575,"801, Hill Road",Guwahati,Assam,630467,2018-01-19,Y
CUST000282,Akash,Jain,1969-06-03,M,+917950091812,akash.jain@outlook.com,QJMXM6169R,701121599928,"602, Nehru Place",Thane,Maharashtra,826628,2010-06-18,Y
CUST000283,Shubham,Mukherjee,1967-03-05,F,+916676802455,shubham.mukherjee@rediffmail.com,NJBSY9561U,235569342299,"808, Station Road",Madurai,Tamil Nadu,699172,2008-02-17,N
CUST000284,Ananya,Goyal,1967-05-01,M,+917689729884,ananya.goyal@outlook.com,JUCEZ6998G,016840419836,"523, Lake Road",Jaipur,Rajasthan,950365,2022-07-04,Y
CUST000285,Mohan,Singh,1992-05-29,M,+916874146096,mohan.singh@rediffmail.com,ZLRGP2719M,630274231627,"311, Hill Road",Ahmedabad,Gujarat,371181,2008-07-29,Y
CUST000286,Gaurav,Das,1968-03-17,M,+919087606779,gaurav.das@outlook.com,HHRYY0897Y,136593473801,"441, Hill Road",Varanasi,Uttar Pradesh,378734,2017-10-08,Y
CUST000287,Arjun,Naik,1974-10-31,M,+917203190282,arjun.naik@outlook.com,GVHDL4196N,913876259591,"52, Hill Road",Delhi,Delhi,798428,2008-12-25,Y
CUST000288,Zara,Kaur,1993-08-22,M,+919086852956,zara.kaur@yahoo.in,BDGON6060D,867752953988,"511, Park Street",Hyderabad,Telangana,608855,2026-04-01,Y
CUST000289,Priya,Tiwari,1993-11-28,M,+918462765094,priya.tiwari@rediffmail.com,EDDBQ6504Y,734444439947,"80, Park Street",Patna,Bihar,287690,2015-06-25,Y
CUST000290,Arjun,Reddy,1990-01-30,M,+916840991672,arjun.reddy@gmail.com,ADIYM6989J,129024580808,"522, Nehru Place",Kanpur,Uttar Pradesh,783315,2018-09-27,Y
CUST000291,Anand,Dubey,1997-10-17,M,+918885636062,anand.dubey@outlook.com,STBQW4371S,643337355042,"184, Park Street",Chandigarh,Chandigarh,181270,2018-01-30,Y
CUST000292,Rakesh,Shukla,1978-08-18,F,+916249230666,rakesh.shukla@rediffmail.com,QHBVS8380F,718401059042,"152, MG Road",Ludhiana,Punjab,930524,2009-10-10,N
CUST000293,Lakshmi,Khanna,1992-09-08,M,+917718539863,lakshmi.khanna@outlook.com,ZGXRT8428E,694449315168,"296, Gandhi Nagar",Visakhapatnam,Andhra Pradesh,677932,2015-06-24,N
CUST000294,Vikas,Chopra,1984-11-15,F,+917107483527,vikas.chopra@gmail.com,YCFNW2604X,768209390382,"340, Ring Road",Visakhapatnam,Andhra Pradesh,154760,2008-04-29,N
CUST000295,Geeta,Gandhi,1981-08-20,M,+917018366360,geeta.gandhi@rediffmail.com,ETQII1280A,493834740851,"779, Park Street",Varanasi,Uttar Pradesh,893761,2018-10-13,Y
CUST000296,Tanvi,Pillai,1975-03-06,M,+916506617052,tanvi.pillai@outlook.com,EKCHL5670G,483177432578,"553, Gandhi Nagar",Delhi,Delhi,110374,2013-10-29,Y
CUST000297,Divya,Nair,1968-11-28,M,+919919603196,divya.nair@outlook.com,BNTGO5470B,603210990847,"150, Nehru Place",Bhopal,Madhya Pradesh,155589,2024-08-19,Y
CUST000298,Aditya,Kapoor,1993-11-02,F,+919715844549,aditya.kapoor@rediffmail.com,DMPTB8175C,627419294087,"41, Lake Road",Agra,Uttar Pradesh,887284,2009-04-11,Y
CUST000299,Deepak,Chaudhary,2000-07-09,F,+919688573166,deepak.chaudhary@outlook.com,IUCPN7426J,629443140638,"185, Nehru Place",Indore,Madhya Pradesh,428556,2010-05-26,Y
CUST000300,Deepak,Malhotra,2001-05-16,F,+918960876736,deepak.malhotra@outlook.com,FVRON2539V,097438459125,"460, Lake Road",Indore,Madhya Pradesh,969885,2022-05-08,Y
CUST000301,Geeta,Dixit,1979-08-07,F,+918321611532,geeta.dixit@yahoo.in,UIACD4505F,273392097559,"883, Lake Road",Amritsar,Punjab,853055,2014-12-26,Y
CUST000302,Pankaj,Menon,1965-11-04,F,+918572916714,pankaj.menon@outlook.com,ULNZV0425P,441920443865,"16, Hill Road",Nagpur,Maharashtra,652419,2015-10-21,Y
CUST000303,Sunita,Chatterjee,1984-02-16,F,+917912201850,sunita.chatterjee@outlook.com,POFAK8766F,684487633994,"377, Lake Road",Mumbai,Maharashtra,416993,2011-01-05,Y
CUST000304,Aryan,Pandey,2001-07-17,M,+916197819570,aryan.pandey@outlook.com,MEIBR3478B,502348481532,"389, Hill Road",Chandigarh,Chandigarh,172637,2012-07-26,Y
CUST000305,Pankaj,Mukherjee,1995-05-03,M,+918323577063,pankaj.mukherjee@yahoo.in,RUDOD3494F,411548027244,"643, Park Street",Hyderabad,Telangana,808408,2009-10-15,Y
CUST000306,Sunil,Khan,1965-09-13,F,+917309689596,sunil.khan@outlook.com,WELUS8079J,765258343624,"317, Ring Road",Bhopal,Madhya Pradesh,378878,2016-08-11,Y
CUST000307,Ravi,Chaudhary,1966-04-03,M,+916392101162,ravi.chaudhary@rediffmail.com,LJFNW7717D,135971403138,"173, Gandhi Nagar",Ghaziabad,Uttar Pradesh,802599,2010-05-03,Y
CUST000308,Vinay,Das,2002-08-07,F,+917765911131,vinay.das@outlook.com,MAPQI6738V,163911365864,"543, Lake Road",Rajkot,Gujarat,246323,2019-02-25,Y
CUST000309,Gaurav,Gandhi,1997-09-11,M,+916926469254,gaurav.gandhi@gmail.com,WOYXG0604F,196676645707,"968, Nehru Place",Agra,Uttar Pradesh,339786,2014-09-19,Y
CUST000310,Vishal,Kumar,1999-02-22,F,+919914073496,vishal.kumar@yahoo.in,PHCDX9933Q,323884562610,"584, Lake Road",Faridabad,Haryana,273241,2020-02-19,Y
CUST000311,Vinay,Shukla,1982-03-02,F,+918364624637,vinay.shukla@yahoo.in,SWKIT7846P,318649040409,"738, Nehru Place",Jaipur,Rajasthan,759094,2024-03-22,Y
CUST000312,Gaurav,Tiwari,1971-11-26,M,+919842542905,gaurav.tiwari@outlook.com,PAUGU1265L,293674517750,"977, Gandhi Nagar",Chandigarh,Chandigarh,941594,2011-09-26,Y
CUST000313,Manish,Chatterjee,1967-03-11,F,+919908178580,manish.chatterjee@yahoo.in,VLQGV1595Q,143123599909,"9, Ring Road",Jaipur,Rajasthan,940885,2023-10-22,Y
CUST000314,Chetan,Dubey,1963-07-31,F,+917334119528,chetan.dubey@yahoo.in,VULFZ3382U,436463491734,"974, Nehru Place",Guwahati,Assam,867477,2018-10-02,Y
CUST000315,Pooja,Menon,1997-02-24,F,+919427198315,pooja.menon@outlook.com,FJSXT5516I,562479821270,"420, MG Road",Jodhpur,Rajasthan,798419,2013-11-10,Y
CUST000316,Sachin,Shukla,1988-03-17,M,+916069018854,sachin.shukla@outlook.com,ASQSE1944E,681650617473,"984, Park Street",Nashik,Maharashtra,594123,2021-07-22,Y
CUST000317,Vikas,Banerjee,1967-01-17,M,+917908450258,vikas.banerjee@outlook.com,WZRFJ0120C,963212877588,"49, Ring Road",Meerut,Uttar Pradesh,736915,2010-04-14,Y
CUST000318,Tanvi,Bhat,1998-05-14,M,+918533453833,tanvi.bhat@gmail.com,PXHNI9573L,275808635219,"350, Station Road",Mumbai,Maharashtra,875004,2019-02-08,Y
CUST000319,Raj,Verma,1996-10-15,F,+918168526037,raj.verma@yahoo.in,CYSMP6749P,672750656163,"3, Station Road",Visakhapatnam,Andhra Pradesh,412781,2025-06-02,Y
CUST000320,Priya,Saxena,1982-06-05,M,+916828513290,priya.saxena@yahoo.in,ADFZK8941H,828723721745,"272, Station Road",Ghaziabad,Uttar Pradesh,402750,2022-10-13,Y
CUST000321,Meera,Mukherjee,1978-02-26,F,+917517560584,meera.mukherjee@gmail.com,PMYXF6644P,619299341284,"953, Nehru Place",Jaipur,Rajasthan,963084,2008-12-27,N
CUST000322,Ishaan,Thakur,2001-11-22,M,+917424660037,ishaan.thakur@rediffmail.com,SYJEV3199W,209255648834,"948, Ring Road",Surat,Gujarat,397759,2018-02-14,Y
CUST000323,Rahul,Kumar,1986-11-11,F,+918767552712,rahul.kumar@rediffmail.com,WNCVY7300M,331158912213,"590, Hill Road",Thane,Maharashtra,166831,2016-01-14,Y
CUST000324,Sunita,Mehta,1995-08-12,F,+917896411910,sunita.mehta@yahoo.in,CLLJR7869Y,726676593584,"960, Station Road",Kolkata,West Bengal,943888,2025-01-11,N
CUST000325,Deepa,Chatterjee,1987-12-22,M,+916946719648,deepa.chatterjee@yahoo.in,ZQGCF2935C,050317569946,"988, Gandhi Nagar",Mysore,Karnataka,153589,2008-08-28,Y
CUST000326,Neha,Mehta,1974-07-20,M,+919741262460,neha.mehta@yahoo.in,DIUMY8595K,610987156844,"118, Park Street",Agra,Uttar Pradesh,424213,2017-08-28,Y
CUST000327,Harsha,Malhotra,1978-01-18,M,+916423075325,harsha.malhotra@outlook.com,GJVHG6096A,906280988630,"368, Nehru Place",Patna,Bihar,229202,2013-06-23,Y
CUST000328,Amit,Khan,1998-08-28,F,+916966191244,amit.khan@yahoo.in,QMRKS9035A,956737445895,"212, Nehru Place",Kolkata,West Bengal,983732,2013-11-15,Y
CUST000329,Yash,Pandey,1979-06-29,M,+917809821897,yash.pandey@outlook.com,GKRCD8074N,444556779437,"662, Ring Road",Ludhiana,Punjab,724653,2009-10-03,Y
CUST000330,Sanjay,Bose,1986-01-08,M,+916950114784,sanjay.bose@outlook.com,QBXYD7157N,224567345795,"134, Gandhi Nagar",Ludhiana,Punjab,457269,2013-06-20,Y
CUST000331,Tanvi,Yadav,1990-01-17,M,+919318134988,tanvi.yadav@outlook.com,WIDXD6816P,405144538504,"828, MG Road",Coimbatore,Tamil Nadu,197334,2014-08-25,Y
CUST000332,Zara,Naik,1967-03-09,F,+919413687210,zara.naik@outlook.com,BCTKA5228C,236337216442,"577, MG Road",Raipur,Chhattisgarh,997755,2019-04-28,Y
CUST000333,Rakesh,Sinha,1968-11-04,F,+919799852930,rakesh.sinha@gmail.com,SMFSN2545W,461491665989,"995, Ring Road",Coimbatore,Tamil Nadu,646083,2011-04-15,Y
CUST000334,Raj,Singh,1983-10-05,F,+918727707049,raj.singh@outlook.com,UMZCO3472C,808432793051,"594, Hill Road",Mumbai,Maharashtra,399372,2008-02-22,N
CUST000335,Ananya,Pillai,2002-05-31,M,+916982600807,ananya.pillai@outlook.com,VEYCF6429Q,189960086494,"19, Station Road",Lucknow,Uttar Pradesh,316955,2018-11-03,Y
CUST000336,Neha,Patil,1963-10-09,F,+916825705601,neha.patil@outlook.com,RUADU1788U,682002813294,"494, Gandhi Nagar",Jaipur,Rajasthan,304755,2014-08-04,N
CUST000337,Sachin,Dubey,1972-10-20,M,+919530889696,sachin.dubey@gmail.com,UYSEV3559G,575998000617,"944, Hill Road",Raipur,Chhattisgarh,484510,2023-03-24,Y
CUST000338,Varun,Saxena,1986-07-06,F,+918577977040,varun.saxena@rediffmail.com,XNHTH3090A,397174807526,"388, Station Road",Meerut,Uttar Pradesh,996692,2015-08-05,Y
CUST000339,Shreya,Srivastava,1980-06-27,F,+918324844030,shreya.srivastava@gmail.com,XRNKI7444Q,804685786948,"967, Hill Road",Bhopal,Madhya Pradesh,392974,2018-06-24,Y
CUST000340,Madhuri,Trivedi,1989-05-23,F,+916344679729,madhuri.trivedi@outlook.com,CLAXS5300U,901043658862,"694, MG Road",Varanasi,Uttar Pradesh,285241,2014-11-17,Y
CUST000341,Aditya,Hegde,2000-12-16,M,+916993061537,aditya.hegde@outlook.com,WGKZA9169P,435611525803,"361, Hill Road",Pune,Maharashtra,934391,2012-04-13,Y
CUST000342,Simran,Nair,1987-07-03,F,+917177192116,simran.nair@rediffmail.com,PLAZL0990H,315951303254,"816, Ring Road",Agra,Uttar Pradesh,408048,2008-11-21,Y
CUST000343,Madhuri,Iyer,1967-10-26,M,+919717699942,madhuri.iyer@outlook.com,XAJTG1619Y,661942827354,"690, Station Road",Visakhapatnam,Andhra Pradesh,211182,2024-01-30,Y
CUST000344,Lakshmi,Chopra,1992-07-04,F,+916169425247,lakshmi.chopra@yahoo.in,ANMWN2827J,870811391791,"19, Nehru Place",Pune,Maharashtra,655985,2009-02-16,Y
CUST000345,Amit,Chatterjee,1962-05-01,F,+916143542153,amit.chatterjee@gmail.com,UZLXX4297I,605001695539,"192, Ring Road",Ghaziabad,Uttar Pradesh,343963,2015-02-22,Y
CUST000346,Kunal,Goyal,2001-02-13,F,+918931974640,kunal.goyal@outlook.com,LLXER0673A,828672787856,"436, Hill Road",Patna,Bihar,534479,2023-10-14,Y
CUST000347,Amit,Ghosh,1986-01-03,M,+916584349695,amit.ghosh@rediffmail.com,UESEF7244G,099746008624,"956, Park Street",Rajkot,Gujarat,143738,2008-01-21,Y
CUST000348,Meera,Shukla,1976-08-10,M,+919754914146,meera.shukla@outlook.com,ABNLB0565C,798658081925,"159, Station Road",Kolkata,West Bengal,104653,2014-04-19,Y
CUST000349,Neha,Kumar,1985-01-29,M,+917150802693,neha.kumar@yahoo.in,SHDVQ0887V,303177526739,"521, Hill Road",Lucknow,Uttar Pradesh,186060,2012-01-18,N
CUST000350,Manish,Dutta,1973-02-28,F,+917130616130,manish.dutta@outlook.com,CIYVS0941N,629672037896,"110, Ring Road",Thane,Maharashtra,864011,2021-12-11,Y
CUST000351,Esha,Shukla,2001-12-22,F,+917474870697,esha.shukla@outlook.com,YXOEU8783D,538160385723,"288, Lake Road",Pune,Maharashtra,483498,2011-11-29,Y
CUST000352,Varun,Shah,1967-01-28,M,+917930597710,varun.shah@yahoo.in,DUMGN4985P,237520815408,"357, Park Street",Madurai,Tamil Nadu,525581,2025-01-20,N
CUST000353,Ishita,Kaur,1997-03-09,F,+917657235140,ishita.kaur@yahoo.in,URXNK1883Z,956798943273,"17, Gandhi Nagar",Varanasi,Uttar Pradesh,365283,2021-08-06,Y
CUST000354,Divya,Malhotra,1993-08-16,M,+916170524225,divya.malhotra@rediffmail.com,JWDNR9438N,545084436680,"59, Ring Road",Amritsar,Punjab,489531,2021-08-10,N
CUST000355,Sachin,Rao,1960-02-05,M,+917822452181,sachin.rao@yahoo.in,SHKKB8346T,101320315765,"140, Park Street",Chennai,Tamil Nadu,378083,2014-02-11,Y
CUST000356,Bhavya,Jha,1988-01-11,M,+917505549521,bhavya.jha158@outlook.com,QBWXV5314J,760086387258,"488, Ring Road",Guwahati,Assam,567331,2024-08-31,Y
CUST000357,Esha,Verma,1988-08-05,F,+917959668745,esha.verma@rediffmail.com,VAPLJ0873L,650649046208,"382, Nehru Place",Nashik,Maharashtra,402393,2014-12-13,Y
CUST000358,Manish,Ghosh,1975-03-27,F,+917998904737,manish.ghosh@outlook.com,GCGWH1027R,967979013299,"471, Gandhi Nagar",Ahmedabad,Gujarat,598902,2023-05-09,Y
CUST000359,Mohit,Nair,1997-02-21,M,+917598726603,mohit.nair@yahoo.in,ZOXPB2325K,644459003267,"225, Ring Road",Vadodara,Gujarat,756399,2024-03-20,Y
CUST000360,Suresh,Mukherjee,1994-01-16,F,+916976156685,suresh.mukherjee@yahoo.in,EGURX3111A,301211903950,"325, Station Road",Aurangabad,Maharashtra,787388,2026-02-07,Y
CUST000361,Rajan,Saxena,1962-03-16,M,+917542088326,rajan.saxena@outlook.com,BCSOY0095J,459848755442,"843, Ring Road",Nagpur,Maharashtra,570605,2010-05-21,Y
CUST000362,Nisha,Sinha,1997-01-08,M,+918156651964,nisha.sinha@outlook.com,RRCJH8004G,026961978032,"183, Nehru Place",Chennai,Tamil Nadu,491683,2015-05-08,N
CUST000363,Yash,Menon,1990-05-10,M,+916092838307,yash.menon@yahoo.in,DZXQE7727L,594937275921,"150, Lake Road",Nagpur,Maharashtra,567459,2024-09-29,N
CUST000364,Zara,Chaudhary,1988-12-26,F,+916861045660,zara.chaudhary@yahoo.in,GHKLE9397L,755955646297,"719, MG Road",Ghaziabad,Uttar Pradesh,221401,2010-10-06,Y
CUST000365,Akash,Yadav,1999-06-10,M,+919340780541,akash.yadav@yahoo.in,WBKJX2641W,727034219126,"65, Gandhi Nagar",Madurai,Tamil Nadu,422411,2011-01-24,N
CUST000366,Suresh,Nair,1993-07-01,M,+919532978008,suresh.nair@rediffmail.com,YHPHL3481Q,792196185538,"50, Hill Road",Chandigarh,Chandigarh,870823,2021-02-08,Y
CUST000367,Sneha,Iyer,1967-10-10,M,+916050239265,sneha.iyer@gmail.com,MFJUI8144M,051697420170,"908, Park Street",Visakhapatnam,Andhra Pradesh,350889,2025-09-15,Y
CUST000368,Raj,Trivedi,1980-01-26,M,+919778827972,raj.trivedi@yahoo.in,NYVYE8939Y,870614034913,"874, Nehru Place",Chandigarh,Chandigarh,596849,2011-11-30,Y
CUST000369,Vikram,Ghosh,1999-03-13,F,+916887527351,vikram.ghosh@gmail.com,TDVGK5784J,954538237885,"579, Hill Road",Chandigarh,Chandigarh,542756,2025-03-01,Y
CUST000370,Nisha,Shah,1993-08-19,M,+917900340452,nisha.shah@rediffmail.com,AFRTD9384E,651762416502,"67, Gandhi Nagar",Chennai,Tamil Nadu,411913,2015-07-28,Y
CUST000371,Arjun,Patil,1960-11-05,M,+919953231322,arjun.patil@gmail.com,JNHVF0184V,525451332553,"782, Nehru Place",Kanpur,Uttar Pradesh,832094,2014-04-10,Y
CUST000372,Kiran,Khan,1981-06-20,F,+919504521929,kiran.khan@outlook.com,FFNXL3546B,174255194150,"530, Lake Road",Bhopal,Madhya Pradesh,533396,2017-02-08,Y
CUST000373,Shubham,Kulkarni,1998-01-19,M,+919565212005,shubham.kulkarni@gmail.com,ENMEO3851C,757287243871,"779, MG Road",Hyderabad,Telangana,752322,2014-08-20,Y
CUST000374,Aryan,Pillai,1998-10-21,F,+916623142971,aryan.pillai@outlook.com,NWBUZ6009U,644184039283,"761, Ring Road",Lucknow,Uttar Pradesh,594781,2015-09-14,Y
CUST000375,Pooja,Rao,2001-08-02,M,+918850121140,pooja.rao@yahoo.in,QKCXQ3876V,220145055616,"224, Station Road",Visakhapatnam,Andhra Pradesh,730181,2025-09-22,Y
CUST000376,Harsha,Srivastava,1999-06-18,F,+919320664564,harsha.srivastava@yahoo.in,GLXOQ3104Q,043558381873,"483, Hill Road",Nagpur,Maharashtra,214724,2009-11-18,Y
CUST000377,Pallavi,Chopra,1972-06-27,M,+916742455793,pallavi.chopra@gmail.com,SBBCQ1909V,885890278800,"679, Nehru Place",Mumbai,Maharashtra,898036,2010-12-01,Y
CUST000378,Rekha,Saxena,1981-12-13,M,+917706081862,rekha.saxena@outlook.com,DSSVP6730Z,285258910224,"514, Lake Road",Amritsar,Punjab,947651,2022-09-01,Y
CUST000379,Sunil,Mehta,1999-06-08,M,+918557728891,sunil.mehta@gmail.com,RTUMY4704M,121355740590,"743, Park Street",Surat,Gujarat,743606,2017-08-27,Y
CUST000380,Anand,Gupta,1969-09-21,F,+917538202955,anand.gupta@rediffmail.com,GKCBX4800F,479731506043,"464, Nehru Place",Coimbatore,Tamil Nadu,698749,2021-01-30,Y
CUST000381,Shubham,Yadav,1977-09-05,M,+916294497026,shubham.yadav@gmail.com,DBISE4137W,856449359722,"183, Hill Road",Guwahati,Assam,252071,2020-12-07,N
CUST000382,Suresh,Banerjee,1985-01-12,M,+918068675001,suresh.banerjee@outlook.com,CWJHX9824R,416279864638,"325, Park Street",Mumbai,Maharashtra,641622,2022-05-14,N
CUST000383,Mohan,Srivastava,1986-07-10,F,+916037928249,mohan.srivastava@rediffmail.com,RPHWR7501G,586921355067,"289, MG Road",Mumbai,Maharashtra,672750,2024-02-22,Y
CUST000384,Deepak,Reddy,1981-11-18,M,+917660880797,deepak.reddy@yahoo.in,YDXKC7799S,613185646888,"106, Hill Road",Varanasi,Uttar Pradesh,671805,2008-07-10,Y
CUST000385,Neha,Jain,1968-08-18,F,+916651896038,neha.jain@outlook.com,SURMK5196R,233853972294,"969, Station Road",Coimbatore,Tamil Nadu,288796,2015-04-23,Y
CUST000386,Kunal,Mukherjee,1999-10-26,F,+917145658541,kunal.mukherjee@yahoo.in,FHNHQ6588C,607338385068,"334, MG Road",Faridabad,Haryana,319738,2011-05-21,N
CUST000387,Manish,Gupta,1991-10-01,M,+916684959722,manish.gupta@outlook.com,PJYXS7483D,105199158817,"518, Park Street",Surat,Gujarat,301436,2022-08-11,N
CUST000388,Nikhil,Patel,1984-07-28,M,+917170859643,nikhil.patel@yahoo.in,NBGCY8134J,565578311500,"603, Ring Road",Faridabad,Haryana,767004,2016-04-09,Y
CUST000389,Nandini,Gupta,1992-04-26,F,+917349424787,nandini.gupta@gmail.com,TSEIU0768B,605963569919,"712, Station Road",Nashik,Maharashtra,798850,2025-09-19,Y
CUST000390,Kunal,Agarwal,1969-07-21,M,+919861414733,kunal.agarwal@gmail.com,QUNKM5824F,670207173280,"583, Hill Road",Ghaziabad,Uttar Pradesh,124667,2018-06-02,N
CUST000391,Shreya,Mishra,1984-12-13,F,+919198448732,shreya.mishra@gmail.com,XKKPT0225Q,377740981371,"97, Lake Road",Indore,Madhya Pradesh,985450,2016-04-10,N
CUST000392,Arun,Hegde,1983-07-20,F,+918468752387,arun.hegde@yahoo.in,WVJUH6918K,726980894574,"843, Hill Road",Meerut,Uttar Pradesh,826796,2009-03-27,Y
CUST000393,Ananya,Patil,1973-05-06,F,+918154374770,ananya.patil@yahoo.in,EDVJM0807A,838383261093,"215, Park Street",Faridabad,Haryana,878787,2016-05-25,Y
CUST000394,Simran,Yadav,1974-06-07,F,+918469203079,simran.yadav@rediffmail.com,ZVLMM6701M,273460704983,"555, Station Road",Nagpur,Maharashtra,234835,2026-04-03,Y
CUST000395,Mohit,Gandhi,1992-11-30,F,+918071602725,mohit.gandhi@gmail.com,XXTYE8363Y,145270021530,"626, Nehru Place",Lucknow,Uttar Pradesh,284776,2019-01-19,Y
CUST000396,Varun,Sinha,1997-10-06,F,+919830995993,varun.sinha@yahoo.in,DWEWQ4854X,366343342178,"175, Nehru Place",Coimbatore,Tamil Nadu,158892,2024-10-03,Y
CUST000397,Nikhil,Jain,1969-06-26,M,+917020561555,nikhil.jain@gmail.com,NXIVB7881E,681801610872,"506, Park Street",Jodhpur,Rajasthan,597181,2023-02-24,Y
CUST000398,Sachin,Khan,1981-09-13,M,+918002940876,sachin.khan@yahoo.in,AHEGH7588F,153578412944,"122, Hill Road",Srinagar,Jammu & Kashmir,513015,2014-02-17,Y
CUST000399,Ishaan,Verma,1982-11-09,F,+919081023316,ishaan.verma@outlook.com,ZYOPD5149M,914306876167,"110, Hill Road",Meerut,Uttar Pradesh,897929,2023-06-18,Y
CUST000400,Tanvi,Patel,1990-12-06,F,+917627898422,tanvi.patel@rediffmail.com,XVMTJ1606I,648824686625,"142, Nehru Place",Guwahati,Assam,843768,2024-08-16,Y
CUST000401,Esha,Hegde,1996-10-02,F,+916953326869,esha.hegde3044@gmail.com,YXFTW3781A,619547196396,"139, Ring Road",Coimbatore,Tamil Nadu,479476,2008-05-25,Y
CUST000402,Aarav,Yadav,1970-08-12,F,+916237800175,aarav.yadav@outlook.com,TYECB8312N,376377829744,"109, Hill Road",Thane,Maharashtra,843036,2022-08-16,Y
CUST000403,Kabir,Ghosh,1998-01-29,F,+916910004612,kabir.ghosh@rediffmail.com,EMGZW0019U,716450056172,"306, Lake Road",Thane,Maharashtra,415296,2025-08-11,N
CUST000404,Nandini,Sinha,1972-05-24,M,+919362186223,nandini.sinha@yahoo.in,OLUJR2621C,603482807081,"951, Lake Road",Chennai,Tamil Nadu,945012,2017-06-06,Y
CUST000405,Pooja,Verma,1975-07-16,M,+918039446269,pooja.verma@outlook.com,EKWCY5712D,869654863932,"959, Nehru Place",Hyderabad,Telangana,379086,2014-07-21,Y
CUST000406,Aarav,Chopra,1976-12-19,M,+916985941670,aarav.chopra@rediffmail.com,NRQKJ2289O,191649962162,"921, Park Street",Pune,Maharashtra,952734,2014-03-10,Y
CUST000407,Kavya,Goyal,1999-06-06,F,+919620966906,kavya.goyal@rediffmail.com,IQWPX2998C,782861218118,"714, Ring Road",Bengaluru,Karnataka,729221,2014-01-05,Y
CUST000408,Shreya,Patel,1964-09-07,F,+919380209853,shreya.patel@outlook.com,QDWHR6378H,619432342077,"609, MG Road",Ghaziabad,Uttar Pradesh,982135,2008-04-28,Y
CUST000409,Bhavya,Iyer,1963-11-03,M,+916257758300,bhavya.iyer@outlook.com,NEMLK5551A,271760574652,"929, Station Road",Aurangabad,Maharashtra,462770,2011-09-12,Y
CUST000410,Pankaj,Reddy,1975-05-24,F,+916597659095,pankaj.reddy@outlook.com,IQJFW6982P,897060927942,"152, Ring Road",Faridabad,Haryana,738876,2018-11-09,Y
CUST000411,Akash,Verma,1979-01-14,M,+916472454372,akash.verma@gmail.com,MXWHF6986M,906906282700,"575, Gandhi Nagar",Coimbatore,Tamil Nadu,592521,2019-10-04,Y
CUST000412,Madhuri,Sinha,1980-10-27,M,+918686409043,madhuri.sinha@outlook.com,AVXFK0609A,579808722186,"197, Park Street",Delhi,Delhi,895985,2025-01-02,Y
CUST000413,Mohit,Bhat,1964-06-21,F,+919292450735,mohit.bhat@outlook.com,GYWBP7514U,603649569712,"29, Station Road",Aurangabad,Maharashtra,135896,2012-07-13,N
CUST000414,Esha,Agarwal,1987-06-15,F,+917510577713,esha.agarwal@outlook.com,STPXC6165G,432393355112,"937, Park Street",Raipur,Chhattisgarh,710954,2023-07-17,Y
CUST000415,Kiran,Kumar,1971-10-07,F,+917118875214,kiran.kumar@yahoo.in,GYPYY7487T,724277592407,"590, Nehru Place",Srinagar,Jammu & Kashmir,593758,2023-02-26,Y
CUST000416,Ritika,Mishra,1970-09-10,F,+916342835032,ritika.mishra@yahoo.in,KWFYK8794L,660138735769,"946, MG Road",Ahmedabad,Gujarat,592235,2021-07-04,Y
CUST000417,Priya,Sinha,1968-08-02,F,+916943931892,priya.sinha@outlook.com,RTNES4857P,285482404126,"733, Lake Road",Madurai,Tamil Nadu,381053,2023-08-18,Y
CUST000418,Swati,Iyer,1976-06-26,F,+919792412696,swati.iyer@gmail.com,MLKYA3415U,412079954985,"386, Lake Road",Nashik,Maharashtra,454012,2024-07-08,Y
CUST000419,Uday,Kulkarni,1989-04-15,F,+919975933067,uday.kulkarni@rediffmail.com,WUZXA8910S,192553772857,"550, MG Road",Jaipur,Rajasthan,705117,2008-01-28,Y
CUST000420,Pooja,Pandey,1962-07-30,F,+918830735284,pooja.pandey@outlook.com,NWFOY1701I,919543686392,"424, Nehru Place",Coimbatore,Tamil Nadu,544546,2016-05-30,Y
CUST000421,Rajan,Thakur,1985-12-10,F,+917833853039,rajan.thakur@outlook.com,XBJVF7005K,755935488780,"522, Hill Road",Bengaluru,Karnataka,763630,2011-07-17,Y
CUST000422,Esha,Trivedi,1999-04-25,M,+917992686037,esha.trivedi@outlook.com,MHCWP2110U,177471395957,"415, Ring Road",Madurai,Tamil Nadu,375436,2025-08-21,Y
CUST000423,Chetan,Mishra,1960-02-29,M,+919837190849,chetan.mishra@yahoo.in,QIYMW8796R,157807585791,"923, Lake Road",Kanpur,Uttar Pradesh,222647,2008-01-18,N
CUST000424,Sanjay,Shah,1974-11-11,M,+918384218357,sanjay.shah@yahoo.in,RUZHN1507I,956335555253,"823, Ring Road",Ghaziabad,Uttar Pradesh,581583,2011-07-10,Y
CUST000425,Harsha,Jain,1966-05-19,M,+918684144564,harsha.jain@outlook.com,IPSCY6343L,944058040148,"173, Park Street",Guwahati,Assam,908562,2021-06-05,Y
CUST000426,Chetan,Patil,1992-10-20,M,+919796610347,chetan.patil@outlook.com,UTCFK8630G,908016937353,"655, MG Road",Amritsar,Punjab,680555,2015-04-25,Y
CUST000427,Farhan,Saxena,1970-07-18,M,+916860800095,farhan.saxena@yahoo.in,SDRDL9677F,500505484667,"763, Lake Road",Aurangabad,Maharashtra,257147,2008-11-01,Y
CUST000428,Shubham,Menon,1966-07-18,M,+917715844975,shubham.menon@outlook.com,CJCJT6055I,529462401417,"17, Lake Road",Nashik,Maharashtra,182860,2009-09-26,Y
CUST000429,Shubham,Gupta,1976-07-09,F,+917181420006,shubham.gupta@gmail.com,ZEOIC0353Q,711576686067,"403, Gandhi Nagar",Mysore,Karnataka,240122,2009-12-15,Y
CUST000430,Rakesh,Kapoor,1982-12-19,M,+917750558852,rakesh.kapoor@outlook.com,JOFVG2348A,575692172967,"919, MG Road",Aurangabad,Maharashtra,712502,2014-07-15,Y
CUST000431,Sanjay,Iyer,1964-08-08,F,+918595487103,sanjay.iyer@yahoo.in,XKMTT6183Q,651269629809,"827, Nehru Place",Mumbai,Maharashtra,425821,2021-03-05,Y
CUST000432,Lakshmi,Kapoor,1977-12-20,M,+919177168703,lakshmi.kapoor@gmail.com,EUDAG7074O,707970078241,"579, Station Road",Chandigarh,Chandigarh,124233,2017-02-17,Y
CUST000433,Sanjay,Jain,1996-10-04,F,+919873356098,sanjay.jain@outlook.com,JTTJD2375O,659194338395,"750, Station Road",Mysore,Karnataka,785390,2018-08-11,Y
CUST000434,Simran,Sinha,1971-08-12,M,+919863396006,simran.sinha@rediffmail.com,TODTS3566N,129071754710,"341, Lake Road",Lucknow,Uttar Pradesh,207698,2014-04-07,Y
CUST000435,Deepa,Shah,1989-12-24,M,+918350855585,deepa.shah@outlook.com,XKJQN0162A,448659277015,"575, Park Street",Hyderabad,Telangana,454263,2011-05-11,Y
CUST000436,Rakesh,Iyer,1991-04-07,M,+918671453964,rakesh.iyer@rediffmail.com,EVRRZ4649W,993056442379,"378, Gandhi Nagar",Jodhpur,Rajasthan,528286,2016-05-09,N
CUST000437,Gaurav,Mukherjee,1999-06-29,F,+916058421356,gaurav.mukherjee@outlook.com,NZUXO0050Q,212096922880,"604, Hill Road",Nagpur,Maharashtra,834580,2021-05-19,Y
CUST000438,Anjali,Pandey,1986-05-16,M,+916101172224,anjali.pandey@yahoo.in,CDUJN9799J,842546555441,"427, Ring Road",Mysore,Karnataka,510958,2015-03-14,Y
CUST000439,Pallavi,Sinha,1974-06-11,M,+916928354766,pallavi.sinha@rediffmail.com,KAWYF4414A,257532317929,"745, Lake Road",Agra,Uttar Pradesh,506232,2025-09-12,Y
CUST000440,Sara,Dutta,1995-03-06,M,+917859903130,sara.dutta@gmail.com,CHOIL5153E,471848959675,"987, Nehru Place",Jaipur,Rajasthan,654361,2008-11-26,N
CUST000441,Kunal,Hegde,2000-12-11,F,+916473121415,kunal.hegde@gmail.com,NWWJB7058S,995747506080,"19, Lake Road",Guwahati,Assam,874940,2012-03-13,Y
CUST000442,Aryan,Dixit,1981-05-31,M,+916336371193,aryan.dixit@rediffmail.com,HDXLZ0289H,687870164617,"102, Gandhi Nagar",Nashik,Maharashtra,114876,2026-02-14,Y
CUST000443,Yash,Goyal,2002-12-13,M,+918120867174,yash.goyal@gmail.com,QZZEP3495D,848047933358,"558, Gandhi Nagar",Nagpur,Maharashtra,951908,2023-09-14,Y
CUST000444,Mohit,Jha,1988-03-16,F,+919315356034,mohit.jha@outlook.com,GMAHB4784F,407920717645,"137, Hill Road",Jodhpur,Rajasthan,590602,2008-08-13,N
CUST000445,Manish,Jain,1994-07-27,M,+918576983767,manish.jain@yahoo.in,ZWIVD3121T,786190610129,"823, Park Street",Chennai,Tamil Nadu,597057,2015-12-29,N
CUST000446,Ishita,Kulkarni,1977-05-23,F,+917489849006,ishita.kulkarni@yahoo.in,XZVIG9296E,795879102126,"864, Hill Road",Patna,Bihar,333100,2009-05-24,Y
CUST000447,Rohit,Patel,1977-10-19,F,+916511552132,rohit.patel@gmail.com,UZEMR0294F,661974118102,"536, Nehru Place",Nashik,Maharashtra,815495,2014-06-01,Y
CUST000448,Suresh,Chatterjee,1968-09-29,M,+919890522702,suresh.chatterjee@outlook.com,OWZES5623O,903152784938,"296, Hill Road",Bengaluru,Karnataka,412606,2022-08-07,N
CUST000449,Rahul,Nair,1997-09-24,F,+917277297070,rahul.nair@yahoo.in,YRCTP2888G,644257314326,"504, Ring Road",Chennai,Tamil Nadu,902143,2010-04-05,Y
CUST000450,Tanvi,Iyer,1994-12-30,F,+919832875320,tanvi.iyer@yahoo.in,IEEXI4258O,051274852362,"460, Hill Road",Lucknow,Uttar Pradesh,445909,2009-02-14,N
CUST000451,Farhan,Sinha,1990-06-02,F,+918730941364,farhan.sinha@yahoo.in,DXMKG8535P,783680191498,"924, MG Road",Vadodara,Gujarat,670947,2016-10-24,Y
CUST000452,Deepa,Iyer,1993-10-28,M,+919845499446,deepa.iyer@yahoo.in,MEMIF1802K,893647962571,"745, MG Road",Meerut,Uttar Pradesh,299372,2021-04-07,N
CUST000453,Vinay,Shah,1971-04-11,M,+918246594677,vinay.shah@outlook.com,HJEUI2166S,775984788879,"398, MG Road",Chennai,Tamil Nadu,916441,2015-05-15,Y
CUST000454,Kunal,Joshi,1977-11-05,M,+917650167543,kunal.joshi4408@yahoo.in,ZLRLR3500O,110586179484,"381, Gandhi Nagar",Nagpur,Maharashtra,443872,2023-11-13,Y
CUST000455,Amit,Das,1965-03-22,M,+918499289003,amit.das@yahoo.in,SJSQM3921V,451354238664,"709, Hill Road",Bengaluru,Karnataka,695567,2020-08-10,Y
CUST000456,Gaurav,Nair,1972-09-20,M,+916371769206,gaurav.nair@yahoo.in,KWUMN9289I,668692187997,"483, Station Road",Mumbai,Maharashtra,430500,2024-01-17,Y
CUST000457,Priya,Patel,1997-01-24,M,+917383943081,priya.patel@rediffmail.com,CDPXR7396Y,891581589734,"106, Station Road",Raipur,Chhattisgarh,484686,2024-05-27,N
CUST000458,Nandini,Sharma,1980-01-08,M,+916073096072,nandini.sharma@yahoo.in,TTOTJ2361Y,301587379711,"26, Station Road",Faridabad,Haryana,550641,2020-03-15,Y
CUST000459,Rajan,Joshi,1981-12-21,M,+919726420106,rajan.joshi@gmail.com,GIVSD6556O,140169583754,"156, Ring Road",Thane,Maharashtra,896916,2016-08-31,Y
CUST000460,Harsha,Kapoor,1971-12-07,M,+916276376609,harsha.kapoor9996@outlook.com,FOMZZ5977G,544042140015,"571, MG Road",Nashik,Maharashtra,601604,2017-04-21,Y
CUST000461,Aarav,Hegde,1974-07-08,M,+916708618268,aarav.hegde@yahoo.in,GOTAZ2294R,519888698370,"138, Hill Road",Coimbatore,Tamil Nadu,442947,2016-03-25,Y
CUST000462,Amit,Menon,1992-04-30,F,+918446162653,amit.menon@rediffmail.com,LTVPI0163I,615707088252,"677, Station Road",Chennai,Tamil Nadu,136490,2014-01-05,N
CUST000463,Arun,Rao,1988-05-22,F,+919395716203,arun.rao@outlook.com,RSFUM7770A,074888148972,"659, Park Street",Bengaluru,Karnataka,676503,2023-04-07,Y
CUST000464,Varun,Reddy,1996-06-12,M,+918021112712,varun.reddy@rediffmail.com,NSFNU6556S,061377149890,"342, Park Street",Patna,Bihar,760501,2025-05-26,Y
CUST000465,Mohan,Tiwari,1999-10-12,M,+917559227050,mohan.tiwari@rediffmail.com,WYLSR0481F,008615137471,"186, Gandhi Nagar",Amritsar,Punjab,670782,2014-01-29,Y
CUST000466,Kavya,Jha,1991-08-22,M,+917078808912,kavya.jha@rediffmail.com,KSSFO7277U,936292172229,"213, Park Street",Jodhpur,Rajasthan,742701,2021-12-29,Y
CUST000467,Esha,Srivastava,1995-07-19,F,+916797621846,esha.srivastava@rediffmail.com,EXFCU4753N,091752466027,"631, Ring Road",Nagpur,Maharashtra,400348,2016-12-31,Y
CUST000468,Arun,Hegde,1962-05-12,F,+916899342158,arun.hegde4509@rediffmail.com,CWMGD0755H,970625386869,"343, Nehru Place",Jaipur,Rajasthan,197715,2012-06-20,N
CUST000469,Rekha,Bhat,1974-04-09,M,+919654018132,rekha.bhat@gmail.com,FTVBB2206L,286198909852,"581, Ring Road",Vadodara,Gujarat,788497,2017-09-12,Y
CUST000470,Deepa,Khan,1961-12-26,M,+919610029675,deepa.khan@outlook.com,WIUMY6437V,973315802327,"951, Hill Road",Kanpur,Uttar Pradesh,844416,2025-06-28,Y
CUST000471,Gaurav,Nair,1966-06-28,F,+918485317864,gaurav.nair1142@yahoo.in,WTMTU4034O,771472352200,"941, Hill Road",Lucknow,Uttar Pradesh,761512,2011-08-11,N
CUST000472,Sunil,Shukla,1995-12-27,M,+917381760403,sunil.shukla@outlook.com,ITEME7077H,857616969674,"839, Ring Road",Nashik,Maharashtra,371304,2016-06-16,Y
CUST000473,Ishita,Trivedi,2001-12-21,F,+919013978066,ishita.trivedi@rediffmail.com,HMYHL5546J,795615335491,"597, Nehru Place",Surat,Gujarat,340793,2018-03-16,Y
CUST000474,Harsha,Naik,1960-07-15,M,+917823726962,harsha.naik@rediffmail.com,YQMXZ7904Q,172927625483,"736, Hill Road",Bhopal,Madhya Pradesh,564042,2017-07-14,Y
CUST000475,Rajan,Malhotra,1988-01-12,F,+916088238057,rajan.malhotra@outlook.com,OBXYK7703J,717441022418,"309, Gandhi Nagar",Ghaziabad,Uttar Pradesh,577109,2016-03-29,Y
CUST000476,Anjali,Dixit,1996-06-26,F,+916452573568,anjali.dixit@yahoo.in,SSBRV3167X,209753473296,"79, Nehru Place",Varanasi,Uttar Pradesh,473570,2018-01-10,Y
CUST000477,Yash,Srivastava,1970-07-12,F,+918821527883,yash.srivastava@gmail.com,WDBBI2216W,526880483726,"138, Hill Road",Guwahati,Assam,616780,2025-03-12,Y
CUST000478,Saurabh,Menon,1992-12-11,M,+918931692160,saurabh.menon@outlook.com,AVGLO1703D,621920797374,"993, Hill Road",Varanasi,Uttar Pradesh,960831,2014-07-07,N
CUST000479,Mohit,Dubey,1991-01-14,M,+918333635695,mohit.dubey2663@yahoo.in,EXTQI7830F,136756523673,"941, Park Street",Hyderabad,Telangana,762441,2023-07-04,Y
CUST000480,Chetan,Patil,1993-01-09,F,+919523885176,chetan.patil@gmail.com,ULLXA9385C,133853035874,"39, Station Road",Jodhpur,Rajasthan,322579,2018-06-05,Y
CUST000481,Ananya,Reddy,1985-07-28,M,+918472111587,ananya.reddy@yahoo.in,JJQKW4080N,318511480392,"707, Ring Road",Meerut,Uttar Pradesh,721209,2013-12-01,Y
CUST000482,Shubham,Jain,1985-02-25,M,+919835507536,shubham.jain@yahoo.in,WGDIK5719R,012823283205,"238, Ring Road",Mumbai,Maharashtra,512307,2008-06-09,Y
CUST000483,Ravi,Sharma,1999-07-15,M,+919649795679,ravi.sharma@gmail.com,NAUEA7423O,033019645008,"602, Ring Road",Kolkata,West Bengal,447301,2012-09-27,N
CUST000484,Arjun,Jain,1985-02-26,M,+916812349261,arjun.jain@gmail.com,NRXTK8430R,517360805672,"845, Gandhi Nagar",Madurai,Tamil Nadu,512275,2012-10-25,Y
CUST000485,Ishaan,Bose,1991-08-06,F,+919156382633,ishaan.bose@yahoo.in,LZDED4823I,104220618382,"940, Nehru Place",Srinagar,Jammu & Kashmir,447778,2016-06-06,Y
CUST000486,Vinay,Desai,1989-10-14,F,+919745667122,vinay.desai@rediffmail.com,PKHQW7289G,408644189613,"697, Ring Road",Rajkot,Gujarat,519396,2023-02-08,Y
CUST000487,Vinay,Verma,2000-10-12,F,+917677156439,vinay.verma@rediffmail.com,MEDMZ0162I,346433197832,"983, Nehru Place",Raipur,Chhattisgarh,718540,2022-01-26,Y
CUST000488,Kabir,Patil,1974-09-25,M,+919103229024,kabir.patil@rediffmail.com,OEMYR4283Q,026409904724,"669, Hill Road",Meerut,Uttar Pradesh,270700,2024-12-27,Y
CUST000489,Nandini,Thakur,1970-05-06,F,+917098265252,nandini.thakur@rediffmail.com,IPKVF1053Y,596878515889,"32, Hill Road",Nashik,Maharashtra,936216,2013-08-23,N
CUST000490,Nikhil,Trivedi,1974-04-18,M,+917669004222,nikhil.trivedi@outlook.com,MHGGC7823F,840599796409,"983, MG Road",Bhopal,Madhya Pradesh,702834,2022-11-16,Y
CUST000491,Simran,Saxena,1972-06-22,F,+919507868201,simran.saxena@yahoo.in,WSZUT6868D,127121113428,"781, Park Street",Bengaluru,Karnataka,694944,2023-01-16,Y
CUST000492,Neha,Iyer,1992-12-07,F,+918373523063,neha.iyer@outlook.com,PTRAC2253B,806187609041,"127, Hill Road",Bengaluru,Karnataka,337160,2009-12-04,Y
CUST000493,Rakesh,Bose,1988-08-21,M,+918646707240,rakesh.bose@outlook.com,ASFRD9484E,388438573497,"595, MG Road",Lucknow,Uttar Pradesh,800585,2010-01-28,Y
CUST000494,Sanjay,Pillai,1976-05-29,M,+917016345847,sanjay.pillai@yahoo.in,RPPQN0067W,031541438180,"839, Nehru Place",Hyderabad,Telangana,947787,2014-07-30,Y
CUST000495,Ishaan,Bose,1996-12-31,F,+917639133395,ishaan.bose@outlook.com,VZPSD9781F,272723362397,"261, Hill Road",Hyderabad,Telangana,935164,2018-07-13,Y
CUST000496,Ananya,Bose,1969-03-25,M,+919096561586,ananya.bose@yahoo.in,MZLJR8087U,891378083486,"30, MG Road",Guwahati,Assam,123018,2014-08-17,Y
CUST000497,Ishita,Gandhi,1972-04-27,F,+917017316048,ishita.gandhi@rediffmail.com,UGLWK1649T,027632495285,"453, Hill Road",Ghaziabad,Uttar Pradesh,201082,2018-04-16,Y
CUST000498,Mohit,Mishra,1977-11-19,M,+918733575040,mohit.mishra@outlook.com,AQDWV3046O,482060863463,"880, MG Road",Meerut,Uttar Pradesh,221588,2014-10-19,N
CUST000499,Zara,Trivedi,1971-09-05,F,+917674814189,zara.trivedi@rediffmail.com,DKAII9285C,258002950084,"852, Hill Road",Kanpur,Uttar Pradesh,523894,2019-04-02,Y
CUST000500,Bhavya,Malhotra,1987-04-11,F,+917655102109,bhavya.malhotra@gmail.com,HNFJT3136W,003230957727,"673, Lake Road",Delhi,Delhi,468484,2025-03-13,N
